plan,scenario,direction,condition,quality,entry,stop,target,first_target,risk_points,target_R,first_target_R,stop_correct_side,target_correct_side,off_tick_trade_price,target_in_chain_half_tick,confirm_rule,confirm_side,confirm2_rule,confirm2_side,arm_legs,trigger,invalidation
2026-08-31:LONDON:v1,S0,long,hold,B,,,,,,,,,,,,,,,,0,none,n/a
2026-08-31:LONDON:v2,S1,long,reject,B,29437,29416,29498.5,29498.5,21,2.9285714285714284,2.9285714285714284,True,True,False,True,touch,above,,,0,Retest of 29437.00 RTH-L after the 07:00 sweep reclaimed 29437.00; first-touch rejection from above goes long.,5m close below 29432.25 voids the reclaim
2026-08-31:LONDON:v2,S2,long,reject,B,29398.52,29378.02,29498.5,29437,20.5,4.877073170731686,1.8770731707316861,True,True,True,True,touch,above,,,0,"If the shelf fails, first touch of 29398.52 VWAP; rejection from above goes long.",5m close below 29390.00
2026-08-31:LONDON:v2,S3,long,breakout_retest,B,,,,29543.5,,,,,,,,1x5m_close,above,touch,above,0,"5m close above 29509.50 PDC, then a successful retest of 29509.50 from above.",5m close back below 29498.50
2026-08-31:LONDON:v2,S4,short,reject,C,,,,29633.25,,,,,,,,touch,below,,,0,Rally into 29811.75 PDH; first-touch rejection from below shorts back into range.,15m close above 29830.00
2026-08-31:LONDON:v3,S0,long,hold,B,,,,,,,,,,,,,,,,0,none,n/a
2026-08-31:NY:v1,S0,long,hold,B,,,,,,,,,,,,,,,,0,none,n/a
2026-08-31:NY:v2,S0,long,hold,B,,,,,,,,,,,,,,,,0,none,n/a
2026-08-31:NY:v3,S1,short,reject,B,29351.47,29408.52,29280.88,29280.88,57.04999999999927,1.237335670464523,1.237335670464523,True,True,True,True,touch,below,,,0,Breakdown is void: 5m close back above 29351.47 VWAP−1σ. Await the first retest of 29351.47 from below; rejection prints and no 1m close above it.,5m close above 29408.52 VWAP cancels the retest
2026-08-31:NY:v3,S2,short,reject,A,29437,29479.75,29351.47,29408.52,42.75,2.0007017543859376,0.6661988304093465,True,True,True,True,touch,below,,,0,First touch of 29437.00 PDL from below; rejection prints and no 1m close above it,5m close above 29479.75 stops the fade
2026-08-31:NY:v3,S3,long,sweep_reclaim,B,,,,29408.52,,,,,,,,touch,below,1m_mss,above,0,Sell-side sweep below 29351.47 VWAP−1σ followed by 1m_mss back above it,5m close below 29280.88 iFVG invalidates the reclaim
2026-08-31:NY:v4,S1,long,sweep_reclaim,B,29413,29363.25,29517,29432.25,49.75,2.090452261306533,0.3869346733668342,True,True,False,True,touch,below,1m_mss,above,0,Price sweeps below 29413.00 SWG-H·5m and then prints 1m_mss above 29417.00 OR-L.,1m close below 29397.50 or no 1m_mss above 29417.00 by 12:00 CT aborts.
2026-08-31:NY:v4,S2,long,reclaim,B,,,,29459.08,,,,,,,,1x5m_close,above,,,0,"After S1 or a simple hold above 29417.00, a 5m close prints back above 29432.25 OB(bull)·1h.",5m close back below 29417.00 aborts the reclaim.
2026-08-31:NY:v4,S3,short,reject,B,29459.08,29489.75,29397.5,29432.25,30.669999999998254,2.0078252363875206,0.8747962178025195,True,True,True,True,touch,below,,,0,Price rises into 29459.08 VWAP+1σ; only fade if it touches and reverses below.,5m close above 29489.75 aborts the short.
2026-08-31:NY:v5,S1,long,reject,B,,,,29432.75,,,,,,,,touch,below,,,0,"After 13:30, first touch of 29413.00 SWG-H·5m that holds without a 5m close below 29409.25 VWAP — fade the flush.",5m close below 29409.25 VWAP.
2026-08-31:NY:v5,S2,long,breakout_retest,B,,,,29459.03,,,,,,,,touch,above,,,0,"5m close above 29432.75 SWG-H·5m, then a retest of 29432.75 holds; stop-entry above the retest for continuation.",5m close back below 29417.00 OR-L.
2026-08-31:NY:v5,S3,long,sweep_reclaim,B,29417,29387,29517,29432.75,30,3.3333333333333335,0.525,True,True,False,True,touch,below,1x5m_close,above,2,"Sweep below 29417.00 OR-L toward 29413.00 SWG-H·5m, then a 5m close reclaims above 29417.00.",5m close below 29409.25 VWAP.
2026-08-31:NY:v5,S4,short,sweep_reclaim,B,,,,29517,,,,,,,,touch,above,1x5m_close,below,0,A sweep of 29543.50 ONH into the 29539.38 Supply·1h/29545.00 OB(bull)·4h zone that prints a 5m close back below 29543.50; fade the confirmed sweep-reclaim only.,5m close back above 29545.00 OB(bull)·4h.
2026-08-31:NY:v6,S1,long,breakout_retest,B,,,,29458.38,,,,,,,,1x5m_close,above,,,0,"After 13:30, a 5m close above 29443.25 breaks the range high; buy the first retest of 29443.25 that holds.",A 5m close back below 29432.25 fails the retest.
2026-08-31:NY:v6,S2,long,sweep_reclaim,C,,,,29443.25,,,,,,,,touch,below,1x5m_close,above,0,"After 13:30, sweep 29417.00 OR-L into 29394.75; then a 5m close back above 29417.00 ignites the long.",5m close below 29388.25 fails the reclaim.
2026-08-31:NY:v6,S3,short,reject,B,29458.38,29482.5,29394.75,29443.25,24.11999999999898,2.6380597014926908,0.6272802653400356,True,True,True,True,touch,above,,,0,"After 13:30, first touch of 29458.38 VWAP+1σ triggers the short; structure stop above 29482.50.",5m close above 29482.50 voids the rejection.
2026-08-31:NY:v6,S4,short,sweep_reclaim,C,,,,29458.38,,,,,,,,touch,above,1x5m_close,below,0,"After 13:30, sweep above 29517.00 OR-H toward 29543.50 ONH; then a 5m close back below 29517.00 triggers the liquidity short.",5m close above 29543.50 fails the reclaim.
2026-08-31:NY:v7,S1,long,hold,B,,,,29432.25,,,,,,,,time_hold,above,,,0,Price pulls back to 29422.25 SWG-L·5m and holds above 29422.25 on 1m closes — enter long on the hold.,5m close below 29417.00 OR-L invalidates.
2026-08-31:NY:v7,S2,long,reject,B,29410.98,29363.72,29517,29432.25,47.2599999999984,2.2433347439696156,0.45006347862888607,True,True,True,True,touch,above,,,0,"Touch of 29410.98 VWAP; enter long on first-touch rejection, stop below 29363.72.",5m close below 29363.72 invalidates the fade.
2026-08-31:NY:v7,S3,short,reject,C,,,,29432.25,,,,,,,,touch,below,,,0,First touch of 29445.50 SWG-H·15m; fade short at the touch back into the range.,2x5m close above 29445.50 invalidates the fade.
2026-08-31:ASIA:v1,S0,long,hold,B,,,,,,,,,,,,,,,,0,none,n/a
2026-08-31:ASIA:v2,S0,long,hold,B,,,,,,,,,,,,,,,,0,none,n/a
2026-09-01:LONDON:v1,S0,long,hold,B,,,,,,,,,,,,,,,,0,none,n/a
2026-09-01:LONDON:v2,S1,short,reject,A,29477,29500.21,29418.62,29447.5,23.209999999999127,2.515295131409014,1.2710038776389965,True,True,True,False,touch,below,,,0,Rally retest of 29477.00 fails — sell the touch,5m close above 29500.21 cancels the fade
2026-09-01:LONDON:v2,S2,short,reject,A,,,,29435.75,,,,,,,,touch,below,,,0,Rally retest of 29447.50 fails — sell the touch,5m close back above 29477.00 invalidates the reject
2026-09-01:LONDON:v2,S3,long,sweep_reclaim,B,,,,29477,,,,,,,,1m_mss,above,,,0,Wick below 29435.75 then 1m reclaim above it,5m close below 29432.25 kills the long
2026-09-01:LONDON:v3,S1,short,acceptance,B,,,,29212.5,,,,,,,,time_hold,below,,,0,"After the 9.4×ATR5m drop, price holds below 29231.63 VWAP−2σ—acceptance continuation short toward ONL",5m close back above 29231.63
2026-09-01:LONDON:v3,S2,short,reject,B,29246.75,29273,29182,29212.5,26.25,2.466666666666667,1.3047619047619048,True,True,False,True,touch,below,,,0,"If the drop retraces, first touch of 29246.75 SWG-L·5m rejects; short back toward 29212.50 then ONL 29182.00",5m close above 29280.00
2026-09-01:LONDON:v4,S1,short,reject,C,29182,29212.5,29154.38,29154.38,30.5,0.9055737704917699,0.9055737704917699,True,True,True,True,touch,below,,,0,Pullback stalls at 29182.00 ONL and rejects; short the touch,5m close back above 29182.00
2026-09-01:LONDON:v4,S2,long,sweep_reclaim,B,29212.5,29170,29323.92,29280,42.5,2.621647058823488,1.588235294117647,True,True,True,True,1x5m_close,above,,,0,Sweep-reclaim of ONL is intact and price reclaims 29212.50 Demand·1h after holding 29201.25 SWG-L·5m,5m close below 29182.00
2026-09-01:LONDON:v4,S3,short,reject,B,29354,29385,29280,29280,31,2.3870967741935485,2.3870967741935485,True,True,False,True,touch,below,,,0,Pullback stalls at 29354.00 RTH-L/PDL and rejects; short the touch,5m close above 29354.00
2026-09-01:LONDON:v5,S1,short,breakdown_continue,B,,,,29161.96,,,,,,,,1x5m_close,below,,,0,"1x5m close below 29177.50 ONL with displacement, no 1m MSS back above 29182.00.",5m close back above 29182.00 cancels the breakdown.
2026-09-01:LONDON:v5,S2,long,sweep_reclaim,B,,,,29212.5,,,,,,,,touch,below,1m_mss,above,0,Sweep of 29177.50 ONL followed by a 1m MSS back above 29182.00 (1x5m close above 29182.00 accepted).,5m close below 29161.96 invalidates the sweep-reclaim.
2026-09-01:LONDON:v5,S3,long,reject,B,29161.96,29140,29212.5,29177.5,21.959999999999127,2.301457194899949,0.7076502732241116,True,True,True,True,touch,below,,,0,"First touch of 29161.96 VWAP−2σ; expect a rejection body, do not chase below it.",5m close below 29140.00 invalidates the fade.
2026-09-01:LONDON:v6,S1,short,reject,B,29123.25,29147.25,29085,29100.81,24.0,1.59375,0.9349999999999454,True,True,False,True,touch,below,,,0,Price retests ONL 29123.25 and rejects with a 5m close below it; one-sided delivery continues,5m close back above 29123.25
2026-09-01:LONDON:v6,S2,short,reject,B,29138,29162,29085,29123.25,24,2.2083333333333335,0.6145833333333334,True,True,False,True,touch,below,,,0,Rally into 29138.00 SWG-L·5m and stall/reject with 5m close below it,5m close above 29138.00
2026-09-01:NY:v1,S1,short,breakdown_continue,C,,,,29099.12,,,,,,,,1x5m_close,below,,,0,5m close below 29122.75 ONL with displacement >= 1.0x ATR5m (20.2) fires immediate continuation short.,Any 5m close back above 29138.00 SWG-L·5m cancels the breakdown.
2026-09-01:NY:v1,S2,short,reject,B,29138,29158.5,29085,29122.75,20.5,2.5853658536585367,0.7439024390243902,True,True,False,True,touch,below,,,0,Touch of 29138.00 SWG-L·5m from below with rejection; short fade.,5m close above 29158.50 invalidates the fade.
2026-09-01:NY:v1,S3,short,reject,B,29177.5,29198,29122.75,29138,20.5,2.6707317073170733,1.9268292682926829,True,True,False,True,touch,below,,,0,Touch of 29177.50 SWG-L·5m from below that stalls/rejects rallies; short fade.,5m close above 29198.00 cancels the fade.
2026-09-01:NY:v1,S4,long,sweep_reclaim,C,,,,29138,,,,,,,,touch,below,1m_mss,above,0,"Sweep of 29122.75 ONL into 29099.12 Demand·4h, then 1m_mss back above 29122.75; long reversion.",5m close below 29094.31 VWAP−2σ invalidates.
2026-09-01:NY:v2,S1,short,reject,B,29062.75,29095.5,28970.38,28970.38,32.75,2.8204580152671443,2.8204580152671443,True,True,True,True,touch,below,,,0,Post-news or current tape: breakdown is void after the 5m close back above 29062.75 OR-L; a weak rally into 29062.75 from below stalls — touch of 29062.75 is the short reject leg.,2x5m close back above 29095.50 EQL·4h voids the reject.
2026-09-01:NY:v2,S2,short,reject,B,29137.29,29170.5,29062.75,29062.75,33.20999999999913,2.24450466726898,2.24450466726898,True,True,True,True,touch,below,,,0,Weak rally into 29125.00 OR-H / 29137.29 VWAP−1σ stalls; touch of 29137.29 is the short reject leg.,5m close above 29170.50 invalidates the reject.
2026-09-01:NY:v2,S3,long,sweep_reclaim,B,,,,29082.75,,,,,,,,touch,below,1x5m_close,above,0,OR-L sweep has already printed (low 29040); a 5m close back above 29062.75 converts it to a discount sweep-reclaim long.,5m close below 29030.00 voids the reclaim.
2026-09-01:NY:v2,S4,long,reclaim,C,,,,29125,,,,,,,,1x5m_close,above,,,0,If ISM resolves strong: 5m close above 29095.50 EQL·4h reclaims the broken shelf and flips intraday path long.,5m close below 29062.75 OR-L voids the reclaim.
2026-09-01:NY:v3,S1,short,reject,B,29182,29220.75,29085,29157.75,38.75,2.503225806451613,0.6258064516129033,True,True,False,True,touch,below,,,0,Price rallies into 29182.00 SWG-L·15m; fade the first touch with a structure stop above 29220.75.,1x5m close above 29182.00 rejects the fade.
2026-09-01:NY:v3,S2,short,reject,B,29085,29125,29062.75,29062.75,40,0.55625,0.55625,True,True,False,True,touch,below,,,0,Price rallies into 29085.00 OB(bull)·1h; fade the first touch with a structure stop above.,1x5m close above 29085.00 rejects the fade.
2026-09-01:NY:v4,S1,short,reject,B,29170,29210,29082.75,29125,40,2.18125,1.125,True,True,False,True,touch,below,,,0,Touch-and-reject from below at 29170.00 EQL·15m after a 5m close back above the level voided the breakdown,5m close back above 29209.25
2026-09-01:NY:v4,S2,short,reject,C,,,,29170,,,,,,,,touch,below,,,0,Touch of 29209.25 Supply·1h and rejection from the 29212.50 OB(bull)·1h cluster,5m close above 29266.78 eVWAP
2026-09-01:NY:v4,S3,long,sweep_reclaim,B,,,,29170,,,,,,,,1m_mss,above,,,0,Sweep of 29082.75 ONL followed by a 1m MSS back above 29082.75,5m close below 29040.00 SWG-L·5m
2026-09-01:NY:v5,S1,short,reject,B,29100.5,29130,29082.75,29082.75,29.5,0.6016949152542372,0.6016949152542372,True,True,False,True,touch,below,,,0,first touch of 29100.50 after the failed breakdown,5m close back above 29130.00
2026-09-01:NY:v5,S2,short,reject,B,29162,29189,29100.5,29100.5,27,2.2777777777777777,2.2777777777777777,True,True,False,True,touch,below,,,0,first touch of 29162.00 after lunch,5m close above 29197.50
2026-09-01:NY:v5,S3,long,sweep_reclaim,B,29082.75,29055.75,29162,29130,27.0,2.935185185185185,1.75,True,True,False,True,touch,below,1x5m_close,above,0,sweep of 29082.75 ONL and 5m close back above 29082.75,5m close below 29040.00
2026-09-01:ASIA:v1,S0,long,hold,B,,,,,,,,,,,,,,,,0,none,n/a
2026-09-01:ASIA:v2,S0,long,hold,B,,,,,,,,,,,,,,,,0,none,n/a
2026-09-01:ASIA:v3,S0,long,hold,B,,,,,,,,,,,,,,,,0,none,n/a
2026-09-01:ASIA:v4,S0,long,hold,B,,,,,,,,,,,,,,,,0,none,n/a
2026-09-01:ASIA:v5,S1,long,sweep_reclaim,B,,,,29062.75,,,,,,,,touch,below,1x5m_close,above,0,"re-test sweep of 29042.25 ONL, then 1x5m close back above 29045.00",1x5m close below 29042.25 ONL after entry
2026-09-01:ASIA:v5,S2,long,breakout_retest,C,,,,29072.75,,,,,,,,touch,above,,,0,"breakout above 29062.75 OR-L, then retest holds at 29062.75; stop-entry above 29065.00",1x5m close back below 29042.25 ONL
2026-09-01:ASIA:v6,S1,long,sweep_reclaim,A,29035.25,29018,29071.41,29071.41,17.25,2.096231884057963,2.096231884057963,True,True,True,True,touch,below,1m_mss,above,2,"Sweep of ONL 29035.25 (trade through overnight-low stops), then a reclaim: 1m MSS up or a 5m close back above 29035.25.","5m close below 29035.25 with no 1m MSS back above — the sweep held, long void."
2026-09-01:ASIA:v6,S2,long,reject,B,29040.61,29020,29113.23,29071.41,20.610000000000582,3.5235322658901955,1.4944201843764386,True,True,True,True,touch,below,,,0,"First-touch reaction at VWAP−2σ 29040.61: price dips to the react zone and rejects upward with no 5m acceptance, mean-reverting toward the magnets.",5m close below 29040.61 — acceptance of the zone voids the fade; wait for S1 instead.
2026-09-01:ASIA:v6,S3,long,reclaim,B,,,,29113.23,,,,,,,,1x5m_close,above,,,0,"Reclaim of the lost VWAP−1σ 29071.41: price 5m-closes back above the magnet after a bounce off ONL/VWAP−2σ, turning it to support.",5m close back below 29071.41 after the reclaim — failed reclaim.
2026-09-01:ASIA:v7,S1,long,reject,A,29044,29025,29099.85,29068.05,19,2.9394736842104496,1.2657894736841722,True,True,True,True,touch,below,,,0,Price touches 29044.00 (SWG-L·15m) and rejects upward,5m close below 29029.88 invalidates the bounce
2026-09-01:ASIA:v7,S2,long,reclaim,C,,,,29068.05,,,,,,,,1x5m_close,above,,,0,Price reclaims 29062.75 (OR-L) with a 5m close above,5m close below 29044.00 invalidates the reclaim
2026-09-01:ASIA:v7,S3,long,reject,B,29068.05,29044,29131.66,29099.85,24.049999999999272,2.644906444906549,1.322245322245332,True,True,True,False,touch,below,,,0,Price touches 29068.05 (VWAP−1σ) and rejects upward,5m close below 29062.75 invalidates the rejection
2026-09-01:ASIA:v8,S1,long,sweep_reclaim,B,,,,29058.75,,,,,,,,touch,below,1x5m_close,above,0,Sweep of ONL 29035.25 followed by a 5m close back above 29035.25; entry on that reclaim close.,"A 5m close below 29035.25 before the reclaim close is a breakdown, not a sweep; S1 void."
2026-09-01:ASIA:v8,S2,long,reclaim,B,,,,29065.3,,,,,,,,1x5m_close,above,,,0,"After a dip back under PDC 29058.75, a 5m close back above 29058.75; entry on that close.",A 5m close back below 29035.25 before reaching VWAP−1σ 29065.30 voids S2.
2026-09-01:ASIA:v8,S3,long,breakout_retest,B,,,,29113.23,,,,,,,,touch,above,,,0,A 5m close above VWAP 29097.88 followed by a retest of 29097.88 that holds; entry at the retest or stop-entry.,A 5m close back below the 1h bull OB 29085.00 voids S3.
2026-09-01:ASIA:v9,S1,long,sweep_reclaim,B,,,,29058.75,,,,,,,,touch,below,1x5m_close,above,0,"Price sweeps ONL 29035.25 with a wick below, then closes back above it",5m close below 29001.75 PDL
2026-09-01:ASIA:v9,S2,long,reclaim,B,,,,29096.67,,,,,,,,1x5m_close,above,,,0,Pullback to PDC 29058.75 and 5m close back above it,5m close below 29035.25 ONL
2026-09-02:LONDON:v1,S0,long,hold,B,,,,,,,,,,,,,,,,0,none,n/a
2026-09-01:ASIA:v10,S1,long,sweep_reclaim,B,,,,29058.75,,,,,,,,touch,below,1m_mss,above,0,"Price sweeps 29016.50 ONL, wicks below, then closes back above on 5m (reclaim close on decision TF).",5m close below 28970.38 OB(bull)·4h invalidates the long.
2026-09-01:ASIA:v10,S2,short,reject,B,29317.25,29342,29212.5,29212.5,24.75,4.232323232323233,4.232323232323233,True,True,False,True,touch,above,,,0,Price rallies into 29317.25 RTH-H and rejects with a 5m close back below the level.,2x5m close above 29324.50 OB(bull)·1h invalidates the short.
2026-09-02:LONDON:v2,S1,long,sweep_reclaim,A,,,,29058.75,,,,,,,,touch,below,1x5m_close,above,0,Price trades below 29001.75 PDL (sweep) and then prints a 5m close back above 29001.75 (reclaim).,A 5m close below 28970.38 or failure to print a 5m close above 29001.75 after the sweep voids it.
2026-09-02:LONDON:v2,S2,long,breakout_retest,B,,,,29209.25,,,,,,,,touch,above,,,0,"Price breaks above 29171.25 ONH on the 5m, then pulls back to touch 29171.25 as support.",A 5m close below 29171.25 after the retest voids the breakout.
2026-09-02:LONDON:v2,S3,short,reject,B,29317.25,29345.25,29246.25,29246.25,28.0,2.5357142857142856,2.5357142857142856,True,True,False,True,touch,above,,,0,"Price rallies into 29317.25 RTH-H, wicks above it, and rejects without a 5m close above.",A 5m close above 29317.25 voids the reject; a close above 29324.50 cancels it.
2026-09-02:LONDON:v3,S1,long,hold,B,,,,29171.25,,,,,,,,time_hold,above,,,0,Dips to 29117.48 VWAP+1σ and holds above it; entry on the hold with a 1x5m close above 29117.48 as fallback.,A 5m close below 29117.48 fails the hold and shelves the buy.
2026-09-02:LONDON:v3,S2,long,reclaim,B,,,,29117.48,,,,,,,,1x5m_close,above,,,0,Undercut of 29058.75 PDC followed by a 1x5m close back above 29058.75.,A 5m close below 29001.75 instead of reclaiming cancels this dip-buy and opens the path toward ONL.
2026-09-02:LONDON:v3,S3,long,breakout_retest,B,,,,29209.25,,,,,,,,1x5m_close,above,,,0,Thrust through 29171.25 ONH then pullback to 29171.25; a 1x5m close above 29171.25 validates the break-retest.,A 5m close back below 29117.48 after the retest negates the breakout.
2026-09-02:LONDON:v3,S4,short,reject,B,29317.25,29350,29246.25,29246.25,32.75,2.16793893129771,2.16793893129771,True,True,False,True,touch,below,,,0,"First touch of 29317.25 RTH-H from below; short on the touch, structure stop beyond 29324.50.",A 5m close above 29324.50 negates the rejection.
2026-09-02:LONDON:v3,S5,long,sweep_reclaim,A,,,,29058.75,,,,,,,,touch,below,1m_mss,above,0,Re-test of 28927.25 ONL: a sweep below 28927.25 (touch) then a 5m close back above 28927.25; leg-2 is a 1m_mss above 28927.25.,A 5m close below 28921.50 fails the reclaim and opens continuation toward 28711.25.
2026-09-02:LONDON:v4,S1,long,reclaim,B,,,,29171.25,,,,,,,,1x5m_close,above,,,0,"Pullback to VWAP 29066.56 holds; wick below 29066.56, then 5m close back above 29066.56",5m close below 29001.75
2026-09-02:LONDON:v4,S2,long,sweep_reclaim,B,,,,29066.56,,,,,,,,touch,below,1x5m_close,above,0,"Sweep below ONL 28927.25, then 5m close back above 28927.25",5m close below 28921.50
2026-09-02:LONDON:v4,S3,long,reject,B,29001.75,28927.25,29171.25,29066.56,74.5,2.2751677852348995,0.8699328859060579,True,True,False,True,touch,above,,,0,First touch of RTH-L 29001.75 rejects back up; no 5m close below 29001.75,5m close below 28927.25
2026-09-02:LONDON:v4,S4,long,breakout_retest,B,,,,29209.25,,,,,,,,1x5m_close,above,touch,above,0,5m closes above ONH 29171.25; pullback retests 29171.25,5m close below 29066.56
2026-09-02:LONDON:v4,S5,short,reject,C,,,,29246.25,,,,,,,,touch,below,,,0,First touch of RTH-H 29317.25 rejects back down; no 5m close above 29317.25,5m close above 29317.25
2026-09-02:LONDON:v5,S1,long,reject,A,29014.19,28985.5,29171.25,29058.75,28.68999999999869,5.474381317532536,1.553154409201929,True,True,True,True,touch,above,,,0,Price pulls into VWAP−1σ 29014.19 and leaves a rejection with price holding above it.,A 5m close below 29001.75 invalidates this reversion long.
2026-09-02:LONDON:v5,S2,long,sweep_reclaim,B,,,,29001.75,,,,,,,,touch,below,1m_mss,above,0,Price sweeps ONL 28927.25 and prints a 1m MSS back above it.,A 5m close below 28917.25 voids the sweep-reclaim.
2026-09-02:LONDON:v5,S3,short,reject,B,,,,29171.25,,,,,,,,touch,below,,,0,"Price rallies into RTH-H 29317.25 and rejects, leaving price below it.",A 5m close above 29324.50 invalidates the rejection short.
2026-09-02:NY:v1,S1,long,sweep_reclaim,B,,,,29058.75,,,,,,,,touch,below,1x5m_close,above,0,"price returns to ONL 28927.25, sweeps below it, then prints a 1x5m close back above 28927.25",5m close below 28917.25 after entry
2026-09-02:NY:v1,S2,long,reclaim,B,,,,29171.25,,,,,,,,1x5m_close,above,,,0,1x5m close back above PDC 29058.75 after holding above 29014.14,5m close back below 29014.14
2026-09-02:NY:v1,S3,long,reject,C,,,,29058.75,,,,,,,,touch,above,,,0,price trades down into VWAP−1σ 29014.14 and stalls/rejects before reaching 29001.75,5m close below 29001.75
2026-09-02:NY:v1,S4,short,reject,B,29317.25,29343,29246.25,29246.25,25.75,2.7572815533980584,2.7572815533980584,True,True,False,True,touch,below,,,0,first touch of 29317.25 RTH-H after an up move fails to hold above it,5m close above 29324.50
2026-09-02:LONDON:v6,S1,long,reject,B,,,,29058.75,,,,,,,,touch,above,,,0,Touch of 29014.42 VWAP−1σ with a 5m bullish reject closing back above 29014.42.,5m close below 29001.75 RTH-L invalidates the fade.
2026-09-02:LONDON:v6,S2,long,reject,B,29001.75,28975.75,29058.75,29058.75,26.0,2.1923076923076925,2.1923076923076925,True,True,False,True,touch,above,,,0,Touch of 29001.75 RTH-L with a 5m bullish reject closing back above 29001.75.,5m close below 29001.75 RTH-L invalidates the long.
2026-09-02:LONDON:v6,S3,long,sweep_reclaim,B,,,,29001.75,,,,,,,,touch,below,1x5m_close,above,0,"Sweep below 28927.25 ONL, then a 5m close back above 28927.25.",No 5m close back above 28927.25 after the sweep invalidates the setup.
2026-09-02:LONDON:v6,S4,long,breakout_retest,B,,,,29209.25,,,,,,,,touch,above,,,0,"Break above 29171.25 ONH, then pullback retest holds above 29171.25.",5m close back below 29171.25 ONH invalidates the breakout.
2026-09-02:NY:v2,S1,long,sweep_reclaim,B,,,,29102,,,,,,,,touch,below,1x5m_close,above,0,"Wick below 29042.75 OR-L, then a 5m close back above 29042.75 confirms the sweep-reclaim",5m close below 29001.75 RTH-L
2026-09-02:NY:v2,S2,long,breakout_retest,B,,,,29171.25,,,,,,,,1x5m_close,above,,,0,"5m close above 29115.10 VWAP+1σ, then retest holds above 29115.10",5m close below 29058.75 PDC
2026-09-02:NY:v2,S3,long,reclaim,C,,,,29115.1,,,,,,,,1x5m_close,above,,,0,"Pullback to 29102.00 OR-H, then 5m close back above 29102.00",5m close below 29058.75 PDC
2026-09-02:NY:v3,S1,long,reclaim,B,,,,29171.25,,,,,,,,1x5m_close,above,,,0,Reclaim of VWAP+1σ 29111.58 with a 1x5m close above 29111.58 after the current 09:00 push.,1x5m close back below 29102.00 OR-H voids the reclaim.
2026-09-02:NY:v3,S2,long,sweep_reclaim,B,,,,29058.75,,,,,,,,touch,below,1m_mss,above,0,Sweep of 28927.25 ONL then a 1m_mss back above 28927.25.,1x5m close below 28927.25 ONL aborts the sweep-reclaim.
2026-09-02:NY:v3,S3,long,breakout_retest,B,,,,29209.25,,,,,,,,1x5m_close,above,touch,above,0,"Break above 29171.25 ONH with a 1x5m close, then a pullback retest holds 29171.25.",1x5m close back below 29058.75 PDC voids the breakout.
2026-09-02:NY:v3,S4,short,reject,B,29317.25,29355,29209.25,29246.25,37.75,2.8609271523178808,1.880794701986755,True,True,False,True,touch,above,,,0,First touch of 29317.25 RTH-H in premium above the 29286.38 mid rejects; fade only on the touch.,"1x5m_close above 29355.00 kills the fade, clearing the 29324.50 OB."
2026-09-02:NY:v4,S1,long,reject,B,29135.65,29099,29209.25,29171.25,36.650000000001455,2.0081855388811904,0.9713506139153378,True,True,True,True,touch,above,,,0,Price pulls back to 29135.65 VWAP+1σ and rejects on touch,5m close below 29058.75 PDC invalidates the long bounce
2026-09-02:NY:v4,S2,short,reject,B,29317.25,29354,29209.25,29209.25,36.75,2.938775510204082,2.938775510204082,True,True,False,True,touch,below,,,0,Price rallies to 29317.25 RTH-H and rejects on touch,5m close above 29324.50 OB(bull)·1h (HTF) invalidates the short rejection
2026-09-02:NY:v5,S1,long,reclaim,B,,,,29171.25,,,,,,,,1x5m_close,above,,,0,"Price prints a 5m close back above VWAP+1σ 29143.97, reclaiming the session magnet after this morning's 29106.25 sweep-reclaim; the close confirms the 15m higher-low recovery.",A 5m close below 29106.25 (the 10:00 sweep low) voids the reclaim and re-opens the 29102.00 retest.
2026-09-02:NY:v5,S2,long,reject,C,29102,29060,29209.25,29143.97,42,2.5535714285714284,0.999285714285742,True,True,False,True,touch,above,,,0,Price retraces into the 29102.00 OR-H / 29106.25 sweep-low cluster and the first touch at 29102.00 rejects upward — a re-test of the consumed 15m sweep zone as a new setup.,Acceptance below 29102.00 — a 5m close under 29102.00 — voids the fade; the next edge is the PDC sweep-reclaim (S3).
2026-09-02:NY:v5,S3,long,sweep_reclaim,B,29058.75,29020,29143.97,29143.97,38.75,2.199225806451643,2.199225806451643,True,True,True,True,touch,below,1m_mss,above,2,Price sweeps below PDC 29058.75 (resting stops under the flattened 29017.25–29111.25 shelf) and a 1m MSS back above 29058.75 confirms the reclaim; a 5m close back above 29058.75 is the delayed confirmation alternative.,A 5m close below 29020.00 invalidates the sweep-reclaim and opens the 29001.75 RTH-L test.
2026-09-02:NY:v5,S4,long,breakout_retest,C,,,,29209.25,,,,,,,,1x5m_close,above,touch,above,0,A 5m close above ONH 29171.25 breaks the day's consolidation high; the retest touch at 29171.25 from above is the continuation long entry (stop-entry fallback if no retest prints).,A 5m close back below 29143.97 voids the breakout as a round-trip failure.
2026-09-02:NY:v6,S1,long,reclaim,C,,,,29209.25,,,,,,,,1x5m_close,above,,,0,Retest of 29171.25 ONH holds; 1x5m close back above 29171.25 after a dip.,5m close below 29153.35 VWAP+1σ voids the reclaimed ONH support.
2026-09-02:NY:v6,S2,long,hold,A,,,,29171.25,,,,,,,,1x5m_close,above,,,0,Pullback to 29153.35 VWAP+1σ stabilizes; 1x5m close above 29153.35.,5m close below 29102.00 OR-H voids the dip-buy.
2026-09-02:NY:v6,S3,long,breakout_retest,C,,,,29246.25,,,,,,,,touch,above,,,0,Break above 29209.25 Supply·1h while 29171.25 ONH holds as support; retest of 29209.25 holds.,5m close back below 29171.25 ONH voids the break.
2026-09-02:NY:v6,S4,long,sweep_reclaim,B,,,,29058.75,,,,,,,,touch,below,1x5m_close,above,0,Sweep below 29001.75 RTH-L (wick through 29001.75) then 5m close back above 29001.75.,5m close below 28927.25 ONL voids the reclaim and opens the bear leg.
2026-09-02:NY:v7,S1,long,sweep_reclaim,B,,,,29209.25,,,,,,,,1x5m_close,above,,,0,Price sweeps below ONH 29171.25 and prints a 5m close back above 29171.25 (reclaim close); invalid if 5m close below 29158.47 VWAP+1σ.,5m close below 29158.47 VWAP+1σ
2026-09-02:NY:v7,S2,long,reclaim,B,,,,29209.25,,,,,,,,1x5m_close,above,,,0,Dip touches 29158.47 VWAP+1σ and price prints a 5m close back above 29158.47; invalid if 5m close below 29102.00 OR-H.,5m close below 29102.00 OR-H
2026-09-02:NY:v7,S3,long,breakout_retest,B,,,,29246.25,,,,,,,,touch,above,,,0,"Break above 29209.25 Supply·1h (15m LH 29208.50) with a 5m close, then retest touch of 29209.25 holds; invalid if 5m close back below 29171.25 ONH.",5m close back below 29171.25 ONH
2026-09-02:NY:v7,S4,short,reject,B,29317.25,29348,29246.25,29246.25,30.75,2.3089430894308944,2.3089430894308944,True,True,False,True,touch,below,,,0,First touch of 29317.25 RTH-H fails and 5m close prints back below 29317.25; invalid if 5m close above 29317.25.,5m close above 29317.25
2026-09-02:NY:v8,S1,long,reclaim,B,,,,29209.25,,,,,,,,1x5m_close,above,,,0,Price reclaims VWAP+1σ 29161.16 with a 1x5m close above,1x5m close below 29138.00 invalidates the reclaim
2026-09-02:NY:v8,S2,long,reject,B,29058.75,29032,29161.16,29161.16,26.75,3.8284112149532654,3.8284112149532654,True,True,True,True,touch,above,,,0,Price touches PDC 29058.75 and rejects,1x5m close below 29042.75 (OR-L) invalidates the long reject
2026-09-02:NY:v9,S1,long,sweep_reclaim,C,,,,29163.03,,,,,,,,touch,below,1m_mss,above,0,"After 13:30 CT, a 5m push below 29058.75 sweeps toward 29042.75 and a 1m_mss closes back above 29058.75.",2x5m close below 29042.75 kills S1.
2026-09-02:NY:v9,S2,long,breakout_retest,C,,,,29209.25,,,,,,,,touch,above,,,0,"1x5m close above 29171.25 ONH, then a pullback retest holds 29171.25.",1x5m close back below 29163.03 invalidates the breakout.
2026-09-02:NY:v9,S3,short,reject,B,29317.25,29344.75,29246.25,29246.25,27.5,2.581818181818182,2.581818181818182,True,True,False,True,touch,below,,,0,First touch of 29317.25 RTH-H stalls/rejects; stop above 29344.75; enter short only on touch.,1x5m close above 29344.75 invalidates the short.
2026-09-02:NY:v10,S1,long,reject,B,29163.99,29138.75,29246.25,29171.25,25.2400000000016,3.2591125198095554,0.28763866877963307,True,True,True,True,touch,below,,,0,Price pulls back to 29163.99 VWAP+1σ after 13:30 and attempts a 5m reversal from the band.,A 5m close below 29138.75 voids the long (structure stop).
2026-09-02:NY:v10,S2,long,sweep_reclaim,B,,,,29042.75,,,,,,,,touch,below,1x5m_close,above,0,Price sweeps 29001.75 RTH-L and then prints a 5m close back above it.,A 5m close below 29001.75 before the reclaim close voids the long.
2026-09-02:NY:v10,S3,short,reject,B,29317.25,29342.5,29246.25,29246.25,25.25,2.8118811881188117,2.8118811881188117,True,True,False,True,touch,above,,,0,A rally into 29317.25 RTH-H after 13:30 pokes above and rejects; this is the allowed premium short.,A 5m close above 29342.50 voids the short.
2026-09-02:NY:v10,S4,short,reject,B,29058.75,29086.75,28927.25,28927.25,28.0,4.696428571428571,4.696428571428571,True,True,False,True,touch,below,,,0,Price pulls back to 29058.75 PDC and rejects back down; 29058.75 is the entry.,A 5m close above 29086.75 voids the short.
2026-09-02:NY:v11,S1,long,reclaim,B,,,,29171.25,,,,,,,,1x5m_close,above,,,0,"1x5m close above 29165.06 VWAP+1σ reclaims the magnet; long for 29171.25 ONH first, then 29209.25 Supply·1h and 29246.25 OB(bull)·4h.",5m close below 29135.50 (recent 5m HL) voids the reclaim and re-opens the 15m downtrend.
2026-09-02:NY:v11,S2,long,reject,B,29001.75,28972.75,29102,29102,29.0,3.456896551724138,3.456896551724138,True,True,False,True,touch,above,,,0,"Clean retest of RTH-L 29001.75; limit long with structure stop 28972.75, target 29102.00 OR-H.",5m close below 28972.75 voids the fade; next downside liquid pool is ONL 28927.25.
2026-09-02:NY:v11,S3,long,sweep_reclaim,B,,,,29001.75,,,,,,,,1x5m_close,above,,,0,Sweep of ONL 28927.25 followed by a 5m close back above 28927.25 (wick alone is not enough); long the reclaim.,A subsequent 5m close below 28927.25 voids the reclaim and is plan death; liquidation targets 28711.25 OB(bear)·4h.
2026-09-02:NY:v11,S4,short,reject,B,29317.25,29345.25,29246.25,29246.25,28.0,2.5357142857142856,2.5357142857142856,True,True,False,True,touch,below,,,0,"Stretched rally to RTH-H 29317.25 above the 50% mark; first-touch rejection short with structure stop 29345.25, target 29246.25.",5m close above 29345.25 voids the rejection; extension targets 29450.50 PDH.
2026-09-02:NY:v12,S1,long,sweep_reclaim,B,,,,29058.75,,,,,,,,1x5m_close,above,,,0,"Sweep of VWAP−1σ 29050.13 toward OR-L 29042.75, then a 5m close back above 29050.13",5m close below 29042.75 before reclaim
2026-09-02:NY:v12,S2,long,reclaim,B,,,,29154.38,,,,,,,,1x5m_close,above,,,0,Price loses VWAP 29108.47 and a 5m close returns above 29108.47,5m close below 29102.00 before reclaim
2026-09-02:NY:v12,S3,short,reject,B,29166.8,29199.5,29058.75,29108.47,32.70000000000073,3.3042813455656534,1.783792048929566,True,True,True,True,touch,below,,,0,Rally to VWAP+1σ 29166.80 and failure to accept; enter short below 29166.80,5m close above 29199.50 invalidates the fade
2026-09-02:ASIA:v1,S1,long,reclaim,A,,,,29171.25,,,,,,,,1x5m_close,above,,,0,"Price pulls back to 29113.89 VWAP and prints a 5m close back above 29113.89, reclaiming the mean after the 29212.50 sweep-up failed.",5m close below 29102.00 OR-H
2026-09-02:ASIA:v1,S2,long,sweep_reclaim,B,,,,29113.89,,,,,,,,touch,below,1x5m_close,above,0,"Price sweeps below 29042.75 OR-L to collect stops, then prints a 1m MSS up and a 5m close back above 29042.75.",5m close below 29004.50 iFVG(bear)·4h (HTF)
2026-09-02:ASIA:v1,S3,long,breakout_retest,C,,,,29209.25,,,,,,,,touch,above,,,0,"Price breaks above 29171.25 ONH, pulls back, and holds the 29171.25 retest as support.",5m close below 29139.50
2026-09-02:ASIA:v1,S4,short,sweep_reclaim,A,,,,29209.25,,,,,,,,touch,above,1x5m_close,below,0,"Price rallies above 29317.25 PDH, sweeps the high, then prints a 5m close back below 29317.25.",2x5m close above 29346.88 FVG·4h (HTF)
2026-09-02:ASIA:v2,S1,short,sweep_reclaim,B,,,,29175.56,,,,,,,,touch,above,1m_mss,below,0,Price sweeps above 29189.25 ONH (the draw) and delivers a 1m_mss close back below 29189.25; premium short allowed by branch 5.,A 1m or 5m close above 29189.25 after the reclaim negates the setup; stop beyond the sweep extreme.
2026-09-02:ASIA:v2,S2,long,sweep_reclaim,B,,,,29175.56,,,,,,,,touch,below,1m_mss,above,0,Price sweeps below 29149.00 ONL and reclaims with a 1m_mss close back above 29149.00; discount long only per branch 5.,A 1m or 5m close below 29149.00 after the reclaim invalidates the setup; stop beyond the sweep low.
2026-09-02:ASIA:v3,S1,short,sweep_reclaim,B,,,,29199.68,,,,,,,,touch,above,1x5m_close,below,0,"Sweep of ONH 29208.75 / Supply 29209.25 (wick above 29208.75), then 5m close back below 29208.75",5m close back above 29212.50
2026-09-02:ASIA:v3,S2,long,sweep_reclaim,B,,,,29199.68,,,,,,,,touch,below,1x5m_close,above,0,"Sweep below ONL 29149.00, then 5m close back above 29149.00",5m close back below 29136.25
2026-09-02:ASIA:v3,S3,short,reject,B,29199.68,29216.25,29149,29149,16.56999999999971,3.058539529269836,3.058539529269836,True,True,True,True,touch,below,,,0,Touch of VWAP+1σ 29199.68 rejects and rotates back below 29199.68,5m close above 29208.75
2026-09-02:ASIA:v4,S1,short,reject,B,29208.75,29228.75,29149,29149,20.0,2.9875,2.9875,True,True,False,True,touch,below,,,0,"After the 16:00 1h sweep-up, a retest of ONH 29208.75 into Supply·1h 29209.25 that wicks and rejects on touch is a short.",5m close above 29208.75 voids the rejection
2026-09-02:ASIA:v4,S2,long,sweep_reclaim,B,,,,29183.59,,,,,,,,touch,below,1x5m_close,above,0,"A sweep below 29149.00 ONL into/near 29136.25 Demand·4h, then a 5m close back above 29149.00, confirms the reclaim and starts a long.",5m close below 29136.25 through Demand·4h invalidates the reclaim
2026-09-02:ASIA:v4,S3,short,reject,B,29149,29170,29058.75,29058.75,21,4.2976190476190474,4.2976190476190474,True,True,False,True,touch,below,,,0,"A retest of 29149.00 ONL from below that wicks and rejects on touch is a short; the close back above 29149.00 voided the prior break attempt, so this is a fresh reject rather than a continuation.",5m close above 29149.00 voids the rejection
2026-09-02:ASIA:v5,S1,short,reject,B,29197.57,29212.5,29149,29149,14.930000000000291,3.253181513730661,3.253181513730661,True,True,True,True,touch,below,,,0,Touch of 29197.57 VWAP+1σ in the thin Asia tape; first-touch fade from the top of value.,5m close above 29209.25 Supply·1h cancels the fade
2026-09-02:ASIA:v5,S2,long,sweep_reclaim,B,,,,29197.57,,,,,,,,touch,above,1x5m_close,above,0,Sweep below 29149.00 ONL followed by a 5m close back above 29149.00.,5m close below 29136.25 Demand·4h kills the reclaim
2026-09-02:ASIA:v5,S3,long,breakout_retest,C,,,,29317.25,,,,,,,,1x5m_close,above,touch,above,0,Break and 5m close above 29208.75 ONH; retest of 29208.75 holds as support.,5m close back below 29209.25 Supply·1h negates the break
2026-09-02:ASIA:v5,S4,short,reject,C,,,,29136.25,,,,,,,,touch,below,,,0,Touch of 29149.00 ONL from below after the close back across the level; rejection back down triggers the short instead of a breakdown continuation.,5m close back above 29149.00 ONL aborts the reject
2026-09-02:ASIA:v6,S1,long,sweep_reclaim,B,,,,29181.64,,,,,,,,1m_mss,above,,,0,Sweep of 29149.00 ONL wicks below; a 1m MSS or close back above 29149.00 invites a long on the reclaim.,A 2x5m close below 29136.25 nullifies the long.
2026-09-02:ASIA:v6,S2,short,reject,B,29209.25,29223,29181.64,29181.64,13.75,2.008000000000042,2.008000000000042,True,True,True,True,touch,below,,,0,"Rally into the 29208.75 ONH liquidity pool, which coincides with 29209.25 Supply·1h; first-touch sell at 29209.25 with stop beyond 29212.50/29223.00 structure.",Any 5m close above 29212.50 voids the fade.
2026-09-02:ASIA:v6,S3,short,reject,C,,,,29209.25,,,,,,,,touch,below,,,0,Rally stalls at the 29317.25 PDH react zone; first-touch sell at 29317.25 with stop beyond 29324.50.,A 5m close above 29324.50 cancels the fade.
2026-09-02:ASIA:v7,S1,short,reject,B,29218.25,29232,29149,29149,13.75,5.036363636363636,5.036363636363636,True,True,False,True,touch,above,,,0,Price retests 29218.25 ONH after the 18:45 sweep-reclaim and rejects; enter short on touch at 29218.25.,5m close above 29218.25 cancels the short.
2026-09-02:ASIA:v7,S2,long,sweep_reclaim,C,,,,29218.25,,,,,,,,touch,below,1m_mss,above,0,"Price sweeps 29149.00 ONL, then closes back above it; on the 1m MSS above 29149.00, enter long with stop below the sweep extreme.",5m close below 29136.25 or failure to produce 1m MSS above 29149.00.
2026-09-02:ASIA:v8,S1,short,reject,B,29157.03,29175.66,29102,29141.25,18.63000000000102,2.9538378958666573,0.8470209339773469,True,True,True,True,touch,below,,,0,price touches 29157.03 VWAP−1σ and rejects,5m close above 29167.00
2026-09-02:ASIA:v8,S2,short,reject,B,29141.25,29157.03,29102,29136.25,15.779999999998836,2.487325728770779,0.3168567807351311,True,True,True,True,touch,below,,,0,price touches 29141.25 ONL and rejects,5m close above 29157.03
2026-09-02:ASIA:v8,S3,short,reject,B,29175.66,29194.3,29136.25,29141.25,18.639999999999418,2.1142703862661527,1.8460300429185048,True,True,True,True,touch,below,,,0,price touches 29175.66 VWAP and rejects,5m close above 29189.25
2026-09-02:ASIA:v9,S1,short,reject,B,,,,29176.29,,,,,,,,touch,below,,,0,Price touches 29200.50 SWG-H·5m and rejects with an upper shadow or 1m MSS down,5m close above 29208.75 cancels the fade
2026-09-02:ASIA:v9,S2,short,reject,B,,,,29159.39,,,,,,,,touch,below,,,0,Price retests 29176.29 VWAP from below and rejects with an upper shadow or 1m MSS down,5m close back above 29193.19 cancels the fade
2026-09-02:ASIA:v10,S1,short,reject,B,29200.5,29228,29141.25,29193.38,27.5,2.1545454545454548,0.25890909090905384,True,True,False,True,touch,below,,,0,"Rally back to 29200.50 SWG-H·5m and stall/reject — the 20:15 retest already stalled at 29200.25, so a re-touch is a fresh upper-shelf fade.",5m close above 29208.75 kills the fade
2026-09-02:ASIA:v10,S2,short,reject,C,,,,29136.25,,,,,,,,touch,below,,,0,"The close back across 29141.25 ONL voids the breakdown. If 29141.25 is retested from below and rejects, that voided-level retest is the short fade; continue toward pdVWAP and OR-H.",5m close above 29159.02 POC kills the reject
2026-09-02:ASIA:v10,S3,long,reclaim,C,,,,29136.25,,,,,,,,1x5m_close,above,,,0,"Short continuation exhausts at 29113.90 pdVWAP and price prints a 5m close back above it — the first legal branch-5 long, below the 50% mark.",5m close below 29102.00 OR-H cancels the reclaim
2026-09-02:ASIA:v11,S1,short,reject,C,29199.5,29227.9,29141.25,29173.88,28.400000000001455,2.0510563380280638,0.9021126760562559,True,True,True,True,touch,above,,,0,Rally into the premium cluster touches SWG-H·5m 29199.50 and is rejected — no 5m hold above it.,5m close above 29208.63 VWAP+2σ — rejection void.
2026-09-02:ASIA:v11,S2,short,sweep_reclaim,C,,,,29199.5,,,,,,,,touch,above,1m_mss,below,0,"Price sweeps above ONH 29218.25, then the 5m bar closes back inside below 29199.50 SWG-H·5m — failed high sweep (PDH-mirror branch 2).","Second consecutive 5m close above 29218.25 — no reclaim, no fade."
2026-09-02:ASIA:v11,S3,long,sweep_reclaim,C,,,,29173.88,,,,,,,,touch,below,1m_mss,above,0,Price re-sweeps below ONL 29132.50 and the 5m bar closes back above 29141.25 SWG-L·5m — low-side sweep-reclaim (long only below the 29138.50 50% line).,"5m close below 29132.50 — sweep becomes acceptance, long void."
2026-09-02:ASIA:v11,S4,short,reject,C,,,,29113.9,,,,,,,,touch,above,,,0,Price retests ONL 29132.50 from below and is rejected — the voided breakdown becomes a lower-high rejection and opens the waterfall path.,"5m close above 29132.50 — rejection void, short void."
2026-09-02:ASIA:v12,S1,short,reject,B,29208.69,29237.75,29141.25,29191.51,29.06000000000131,2.3207157604953768,0.5911906400550418,True,True,True,True,touch,above,,,0,price prints 29208.69 (VWAP+2σ) and fails to hold above it; fade short from the level with a structure stop beyond the recent swing extreme,a 5m close above 29218.25 ONH voids the fade
2026-09-02:ASIA:v12,S2,short,reject,B,29132.5,29161.5,29042.75,29102,29.0,3.0948275862068964,1.0517241379310345,True,True,False,True,touch,above,,,0,price comes back above 29132.50 ONL and fails to hold above it; fade short from the level with a structure stop beyond the recent swing extreme,two 5m closes above 29141.25 reclaim the zone and void the reject
2026-09-02:ASIA:v12,S3,long,sweep_reclaim,C,,,,29157.25,,,,,,,,touch,below,1x5m_close,above,0,"price sweeps below 29132.50 ONL and reclaims with a 5m close above 29132.50; long with stop beyond the sweep extreme, targeting the value mean",a 5m close below 29102.00 OR-H voids the reclaim structure
2026-09-02:ASIA:v13,S1,short,reject,B,29199.5,29226,29132.5,29167.5,26.5,2.5283018867924527,1.2075471698113207,True,True,False,True,touch,below,,,0,Price touches 29199.50 SWG-H·5m and rejects lower; no 5m close above the level.,5m close above 29208.39 VWAP+2σ invalidates the fade
2026-09-02:ASIA:v13,S2,short,sweep_reclaim,C,,,,29167.5,,,,,,,,touch,above,1x5m_close,below,0,Wick above 29218.25 ONH sweeps buy stops; a 1x5m close back below 29218.25 confirms the reclaim.,5m close above 29218.25 with no lower close invalidates the sweep
2026-09-02:ASIA:v13,S3,long,sweep_reclaim,C,,,,29167.5,,,,,,,,touch,below,1x5m_close,above,0,Wick below 29132.50 ONL sweeps sell stops; a 1x5m close back above 29132.50 confirms the reclaim.,5m close below 29132.50 with no higher close invalidates
2026-09-02:ASIA:v14,S1,short,reject,B,29228.75,29250,29186.14,29218.25,21.25,2.0051764705882626,0.49411764705882355,True,True,True,True,touch,below,,,0,price touches 29228.75 SWG-L·5m from below and stalls,2x5m close above 29238.95 negates the rejection
2026-09-02:ASIA:v14,S2,long,sweep_reclaim,B,,,,29132.5,,,,,,,,touch,below,1x5m_close,above,0,"sweep below 29017.25 RTH-L wicks out liquidity, then 1x5m close back above 29017.25",2x5m close below 28927.25 kills the reclaim
2026-09-02:ASIA:v14,S3,short,reject,C,,,,29098.88,,,,,,,,touch,below,,,0,price touches 29132.50 ONL from below and stalls,2x5m close back above 29132.50 reclaims the break
2026-09-02:ASIA:v14,S4,short,reject,B,29255,29275.25,29214.5,29235,20.25,2.0,0.9876543209876543,True,True,False,False,touch,below,,,0,retest of 29255.00 PDH from below stalls,2x5m close above 29275.25 breaks the high
2026-09-02:ASIA:v15,S1,short,reject,C,,,,29075,,,,,,,,touch,below,,,0,Price retraces to 29113.90 pdVWAP after the ONL sweep and rejects; enter short on touch. Structure stop beyond VWAP−1σ at 29142.04. Invalidation on 5m close above 29132.50.,5m close above 29132.50 invalidates the fade.
2026-09-02:ASIA:v15,S2,short,reject,C,,,,29017.25,,,,,,,,touch,below,,,0,Price retests 29075 ONL from below and rejects; enter short on touch.,Recovery above 29107.02 VWAP−2σ voids the rejection.
2026-09-03:LONDON:v1,S1,short,reject,C,,,,29173.56,,,,,,,,touch,below,,,0,Rally into 29204.25 SWG-H·5m; first touch of prior 5m supply after the fast decline.,5m close above 29228.75 voids the rejection
2026-09-03:LONDON:v1,S2,long,sweep_reclaim,C,,,,29139.1,,,,,,,,touch,below,1m_mss,above,0,Sweep of 29075.00 ONL and a 1m MSS back above it; the only legal long below the dealing-range half.,1m close below 29017.25 after the sweep
2026-09-03:NY:v1,S1,short,reject,B,29259.67,29289,29178.73,29219.2,29.330000000001746,2.7596317763380114,1.3798158881689437,True,True,True,True,touch,above,,,0,First touch of 29259.67 VWAP+2σ with a 5m/15m rejection candle after the 66pt fast move; fade the extended premium above value.,5m close above 29259.67 voids the fade
2026-09-03:NY:v1,S2,long,breakout_retest,C,,,,29293,,,,,,,,touch,below,,,0,"5m close above 29259.67 VWAP+2σ, then successful retest of 29259.67 holds as support.",5m close back below 29259.67 voids the retest
2026-09-03:NY:v1,S3,short,sweep_reclaim,A,,,,29259.67,,,,,,,,touch,above,1m_mss,below,0,"Sweep of 29293.00 ONH (stops above the 04:00 1h high), then 1m MSS back inside.",5m close above 29293.00 keeps the breakout alive
2026-09-03:LONDON:v2,S1,short,reject,B,29219.97,29255,29144.5,29179.57,35.029999999998836,2.1544390522410413,1.1532971738510647,True,True,True,True,touch,above,,,0,Price touches 29219.97 VWAP+1σ and rejects; re-test of consumed level.,5m close above 29255.00 invalidates this short
2026-09-03:LONDON:v2,S2,short,sweep_reclaim,C,,,,29255,,,,,,,,touch,above,1x5m_close,below,0,Price sweeps above 29293.00 ONH then 5m closes back below.,5m close above 29293.00 invalidates this sweep_reclaim
2026-09-03:LONDON:v2,S3,long,sweep_reclaim,C,,,,29144.5,,,,,,,,touch,below,1x5m_close,above,0,Price sweeps below 29075.00 ONL then 5m closes back above.,5m close below 29075.00 invalidates this sweep_reclaim
2026-09-03:NY:v2,S1,short,reject,B,29285,29340,29144.5,29233.08,55,2.5545454545454547,0.9439999999999682,True,True,False,True,touch,below,,,0,A retest of 29285.00 OR-H stalls after the 08:30 failure; short the touch.,A 5m close above 29293.00 ONH voids the fade.
2026-09-03:NY:v2,S2,long,reject,B,,,,29209.25,,,,,,,,touch,above,,,0,First touch of 29144.50 Demand·1h after a flush toward 29075.00 ONL; long the touch.,A 5m close below 29075.00 ONL invalidates the demand fade.
2026-09-03:NY:v2,S3,short,sweep_reclaim,A,,,,29255,,,,,,,,touch,above,1x5m_close,below,0,A wick through 29293.00 ONH that closes back below 29285.00 on 5m triggers a short sweep-reclaim.,A 5m close above 29498.50 OB(bear)·1h voids the play.
2026-09-03:NY:v3,S1,long,reclaim,C,,,,29293,,,,,,,,1x5m_close,above,,,0,ISM flush low 29250 held above PDH 29255; a 5m close back above 29285.00 OR-H triggers a reclaim of the overnight high,A 5m close below 29255.00 after the trigger negates the reclaim and opens S3
2026-09-03:NY:v3,S2,short,reject,A,29351.05,29418.75,29209.25,29285,67.70000000000073,2.094534711964516,0.9756277695716183,True,True,True,True,touch,below,,,0,Rally into 29351.05 VWAP+2σ; first touch is a fade with stop 29418.75 above the 08:45 high 29375.25,A 1x5m close above 29418.75 invalidates the fade; a 5m close above 29351.05 before fill cancels it
2026-09-03:NY:v3,S3,short,reject,C,,,,29222.75,,,,,,,,touch,below,,,0,A 5m close below 29255.00 PDH flips the tape; the first pullback that touches 29255.00 is a failed retest and is sold,A 1x5m close back above 29255.00 negates the failed retest
2026-09-03:NY:v3,S4,long,sweep_reclaim,B,,,,29150.11,,,,,,,,touch,above,1x5m_close,above,0,"Deep flush sweeps 29075.00 ONL, then a 5m close back above it signals the reclaim",A 5m close below 29017.25 extends the sweep and cancels the reclaim
2026-09-03:NY:v4,S1,long,breakout_retest,A,,,,29303.68,,,,,,,,touch,above,,,0,Pullback retest at 29260.00 SWG-H·5m; a 5m close back above 29285.00 triggers the long.,A 5m close below 29260.00 cancels S1; then the 29222.75 OR-L bid is the next long reference.
2026-09-03:NY:v4,S2,long,breakout_retest,A,,,,29346.88,,,,,,,,1x5m_close,above,,,0,Momentum long: 5m close above 29303.68 VWAP+1σ; wait for a small pullback that holds 29293.00 and re-enter long.,A 5m close below 29293.00 invalidates the breakout retest.
2026-09-03:NY:v4,S3,long,reclaim,B,,,,29260,,,,,,,,1x5m_close,above,,,0,"Defensive long: only if price liquidates below 29260.00 and sweeps 29222.75 OR-L, then a 5m close back above 29222.75 is the reclaim.",A 5m close below 29209.25 Supply·1h kills the reclaim; next lower reference is 29144.50 Demand·1h.
2026-09-03:NY:v5,S1,long,reclaim,B,,,,29445.5,,,,,,,,1x5m_close,above,,,0,Reclaim/hold of EQL·15m 29435.75 after first touch; acceptance above opens EQH·15m 29445.50 then EQL·1h 29455.00.,5m close below 29406.28
2026-09-03:NY:v5,S2,short,reject,B,,,,29406.28,,,,,,,,touch,below,,,0,Touch/reject at EQH·15m 29445.50 (or EQL·1h 29455.00) after liquidity run; fade only with a clear wick reject back below 29445.50.,5m close above 29539.38
2026-09-03:NY:v6,S1,long,reclaim,B,,,,29526.5,,,,,,,,1x5m_close,above,,,0,"Price prints a 5m close above 29517.00 EQH·15m, confirming the 10:45 15m BOS-up continuation.",A 5m close back below 29502.88 or a 1m_mss lower before entry voids the reclaim.
2026-09-03:NY:v6,S2,long,reject,A,29481.05,29414,29619.5,29543.75,67.04999999999927,2.0648769574944406,0.9351230425056138,True,True,True,True,touch,above,,,0,First touch of 29481.05 VWAP+2σ rejects higher; entry on the reaction above 29481.05.,A 5m close below 29481.05 or a 1m_mss lower pre-entry voids the support defense.
2026-09-03:NY:v6,S3,short,reject,B,29543.75,29610.25,29364.75,29502.88,66.5,2.691729323308271,0.6145864661653982,True,True,False,True,touch,below,,,0,Price rallies back to 29543.75 SWG-H·5m and stalls at the 29539.38 Supply·1h confluence; the first touch of 29543.75 rejects lower.,A 5m close above 29543.75 or a 1m_mss above 29539.38 before entry nullifies the fade.
2026-09-03:NY:v7,S1,long,breakout_retest,A,,,,29567,,,,,,,,touch,above,,,0,"Break 29543.75 (SWG-H·5m) on a 15m close, then a shallow pullback touches 29543.75 and holds.",2x5m close below 29529.50 cancels the retest.
2026-09-03:NY:v7,S2,long,reclaim,B,,,,29529.5,,,,,,,,1x5m_close,above,,,0,Pullback into 29512.29 (VWAP+2σ) after the 10:00 displacement; a 5m close back above 29512.29 triggers long.,2x5m close below 29502.25 invalidates the reclaim.
2026-09-03:NY:v7,S3,short,reject,B,29543.75,29592.5,29397.11,29512.29,48.75,3.007999999999988,0.6453333333333154,True,True,True,True,touch,below,,,0,A retest of 29543.75 (SWG-H·5m) stalls inside the 1h supply band 29539.38; sell the rejection.,15m close above 29543.75 cancels the short.
2026-09-03:ASIA:v1,S1,long,breakout_retest,B,,,,29539.38,,,,,,,,1x5m_close,above,touch,above,0,"A 5m close above 29525.75 confirms the breakout, then price retests 29525.75 from above and holds.",A 5m close below 29517.50 negates the breakout retest.
2026-09-03:ASIA:v1,S2,long,reclaim,A,,,,29502.88,,,,,,,,1x5m_close,above,,,0,Price dips to 29460.16 VWAP+2σ and auctions back; a 5m close above 29460.16 triggers long.,A 5m close below 29362.15 cancels the reclaim setup.
2026-09-03:ASIA:v1,S3,short,sweep_reclaim,B,,,,29502.88,,,,,,,,touch,above,1x5m_close,below,0,"Price sweeps above 29525.75, then a 5m close below 29525.75 accepts the failure; entry short on that close.",A 5m close above 29525.75 after the sweep negates the failure.
2026-09-03:ASIA:v1,S4,long,reclaim,B,,,,29517.5,,,,,,,,1x5m_close,above,,,0,Price reclaims 29512.54 eVWAP; a 5m close above 29512.54 triggers long toward the range top.,A 5m close below 29502.88 cancels the eVWAP reclaim.
2026-09-03:ASIA:v2,S1,long,sweep_reclaim,B,,,,29502.88,,,,,,,,touch,below,1x5m_close,above,0,Price prints below 29481.50 ONL (stop sweep) and then closes a 5m candle back above 29481.50.,Reclaim close does not print; 5m close below 29462.50 before any reclaim cancels the long.
2026-09-03:ASIA:v2,S2,short,sweep_reclaim,B,,,,29502.88,,,,,,,,touch,above,1x5m_close,below,0,Price prints above 29513.00 ONH (stop sweep) and then closes a 5m candle back below 29513.00.,A second 5m close above 29513.00 confirms acceptance and cancels the short.
2026-09-03:ASIA:v2,S3,long,breakout_retest,B,,,,29539.38,,,,,,,,touch,above,,,0,A 5m close above 29513.00 ONH confirms the break; entry on a retest that touches 29513.00 and holds above it.,The retest of 29513.00 fails with a 5m close back below 29502.88.
2026-09-03:ASIA:v3,S1,long,reclaim,B,,,,29521.25,,,,,,,,1x5m_close,above,,,0,Pullback to 29503.08 VWAP holds; a 5m close back above 29503.08 triggers the long.,5m close below 29481.50 ONL invalidates S1.
2026-09-03:ASIA:v3,S2,long,breakout_retest,B,,,,29527.62,,,,,,,,1x5m_close,above,,,0,A 5m close above 29521.25 ONH confirms the break; a pullback retest of 29521.25 that holds is the long entry.,5m close back below 29521.25 ONH invalidates S2.
2026-09-03:ASIA:v3,S3,short,sweep_reclaim,C,,,,29503.08,,,,,,,,touch,above,1x5m_close,below,0,Leg 1: price touches/sweeps 29521.25 ONH; leg 2: a 5m close back below 29521.25 triggers the fade short.,5m close above 29527.62 POC negates S3.
2026-09-03:ASIA:v4,S1,short,reject,B,29548,29558.5,29522.22,29522.22,10.5,2.455238095237984,2.455238095237984,True,True,True,True,touch,below,,,0,touch 29548.00 and reject,5m close above 29548.00
2026-09-03:ASIA:v4,S2,long,breakout_retest,B,,,,29574.38,,,,,,,,touch,above,,,0,"5m close above 29548.00, then retest 29548.00 holds",5m close below 29541.75
2026-09-03:ASIA:v5,S1,short,sweep_reclaim,A,,,,29528.63,,,,,,,,touch,above,1x5m_close,below,0,Price sweeps above ONH 29543.00 and then prints a 5m close back below 29543.00 (wick alone does not qualify).,5m close above 29548.00 before the reclaim close; 5m close above 29585.00 kills the whole short plan.
2026-09-03:ASIA:v5,S2,long,breakout_retest,B,,,,29585,,,,,,,,1x5m_close,above,touch,above,0,"5m close above 29548.00, then a pullback touches 29548.00 from above and holds; enter long at the retest.",5m close back below 29541.12 after the breakout close.
2026-09-03:ASIA:v5,S3,short,reject,B,29585,29603,29548,29548,18,2.0555555555555554,2.0555555555555554,True,True,False,True,touch,below,,,0,Rally stalls at 29585.00 (fresh SWG-H/prior session high) and rejects from first touch.,5m close above 29585.00 (acceptance above the swing high).
2026-09-03:ASIA:v6,S1,long,breakout_retest,A,,,,29622.17,,,,,,,,1x5m_close,above,,,0,"Retest of 29622.25 current price that holds is the trade, confirmed by a 5m close back above 29622.25.",5m close below 29585.00 RTH-H after the touch cancels the retest.
2026-09-03:ASIA:v6,S2,long,sweep_reclaim,B,,,,29509.09,,,,,,,,touch,below,1x5m_close,above,0,"Sweep of 29481.50 ONL; the long requires a 5m close back above 29481.50, never the wick alone.",A second 5m close below 29481.50 with no 5m close above cancels the setup.
2026-09-03:ASIA:v6,S3,long,reject,B,29585,29568,29622.17,29622.17,17,2.1864705882351916,2.1864705882351916,True,True,True,True,touch,above,,,0,"First touch of 29585.00 RTH-H; enter long only on a stall/rejection there, with resting limit 29585.00.",5m close below 29585.00 after entry invalidates the reject.
2026-09-03:ASIA:v6,S4,short,sweep_reclaim,C,,,,29601,,,,,,,,touch,above,1x5m_close,below,0,"Sweep above 29643.50 ONH; short only after a 5m close back below 29643.50 (sweep-reclaim, not a blind fade).",5m close back above 29643.50 after the sweep cancels the short; stand aside.
2026-09-03:ASIA:v7,S1,long,breakout_retest,A,,,,29652.12,,,,,,,,touch,above,1x5m_close,above,0,"5m close above 29643.50 ONH, then a retest of 29643.50 holds; enter long on touch",5m close below 29619.50 voids the breakout; stop below retest low
2026-09-03:ASIA:v7,S2,long,reclaim,B,,,,29619.5,,,,,,,,1x5m_close,above,,,0,Dip below 29597.25 PDC and a 5m close back above 29597.25 reclaims the pivot; enter long on that close,5m close below 29591.50 voids the reclaim
2026-09-03:ASIA:v7,S3,short,sweep_reclaim,B,,,,29619.5,,,,,,,,touch,above,1x5m_close,below,0,Sweep above 29643.50 ONH and a 5m close back below 29643.50; short only on that close,5m close above 29643.50 or continued closes above 29652.12 voids; stop above sweep high
2026-09-04:LONDON:v1,S1,long,reclaim,A,,,,29619.5,,,,,,,,1x5m_close,above,,,0,A dip below 29597.25 PDC followed by a 5m close back above 29597.25 while 29591.50 SWG-L·5m holds; targets 29619.50 then 29639.50/29644.25.,A 5m close below 29591.50 cancels this reclaim.
2026-09-04:LONDON:v1,S2,long,reject,B,29579.5,29558.34,29639.5,29597.25,21.159999999999854,2.8355387523629685,0.8388468809073781,True,True,True,True,touch,above,,,0,A touch of 29579.50 SWG-H·15m; fade long from the touch with a structure stop below 29558.34 VWAP; targets 29597.25 then 29619.50/29639.50.,A 5m close below 29558.34 cancels this reject.
2026-09-04:LONDON:v1,S3,short,sweep_reclaim,B,,,,29619.5,,,,,,,,touch,above,1x5m_close,below,0,A retest of 29644.25 ONH that wicks through 29644.25 and then prints a 5m close back below 29644.25; targets 29619.50 then 29601.00.,A 5m close back above 29644.25 after the reclaim close cancels.
2026-09-04:LONDON:v1,S4,long,reclaim,B,,,,29639.5,,,,,,,,1x5m_close,above,,,0,A dip below 29619.50 OB(bear)·1h followed by a 5m close back above 29619.50 while 29601.00 PDH holds; targets 29639.50 then 29644.25.,A 5m close below 29601.00 cancels this reclaim.
2026-09-04:LONDON:v2,S1,short,reject,B,29649.59,29670.69,29597.25,29597.25,21.099999999998545,2.480568720379325,2.480568720379325,True,True,True,True,touch,below,,,0,price touches 29649.59 VWAP+2σ and fails to hold above it,5m close above 29649.59
2026-09-04:LONDON:v2,S2,short,acceptance,C,,,,29517.35,,,,,,,,time_hold,below,,,0,price breaks 29561.43 VWAP and holds below it for 3 minutes,5m close back above 29561.43
2026-09-04:LONDON:v3,S1,short,sweep_reclaim,B,,,,29585,,,,,,,,touch,above,1x5m_close,below,0,Rally touches 29720 (ONH) and sweeps above it; then a 5m candle closes back below 29720,5m close above 29720 cancels the short
2026-09-04:LONDON:v3,S2,short,reject,B,,,,29278,,,,,,,,touch,above,,,0,Rally into 29503.38 (OB(bear)·4h) prints a wick above the level and rejects; touch confirms the short fade,5m close above 29503.38 cancels the short
2026-09-04:LONDON:v3,S3,long,sweep_reclaim,C,,,,29481.5,,,,,,,,touch,below,1x5m_close,above,0,"Flush touches 29278.00 (Demand·1h HTF, discount) and sweeps below it; then a 5m candle closes back above 29278.00",5m close below 29278.00 after the reclaim fails cancels the long
2026-09-04:NY:v1,S0,long,hold,B,,,,,,,,,,,,,,,,0,none,n/a
2026-09-04:NY:v2,S1,long,sweep_reclaim,A,29611.25,29481.5,29720,29720,129.75,0.838150289017341,0.838150289017341,True,True,False,True,touch,above,1m_mss,above,2,"breakout above 29611.25 OR-H, then retest of 29611.25 as support confirmed by a 1m MSS back above 29611.25",5m close below 29481.50 ONL
2026-09-04:NY:v2,S2,short,sweep_reclaim,B,29720,29770,29601,29611.25,50,2.38,2.175,True,True,False,True,touch,above,1m_mss,below,2,sweep of 29720.00 ONH that fails with a 1m close back below 29720.00,5m close back above 29720.00 ONH
2026-09-04:NY:v3,S1,short,reject,B,29657.38,29720,29503.38,29591.02,62.61999999999898,2.4592781858831443,1.0597253273714733,True,True,True,True,touch,below,,,0,Price retests 29657.38 Supply·1h and rejects; the limit sell rests at 29657.38.,5m close above 29720.00 ONH cancels the fade.
2026-09-04:NY:v3,S2,short,reclaim,C,29591.02,29645.25,29481.5,29553.75,54.22999999999956,2.0195463765443726,0.6872579752904432,True,True,True,True,1x5m_close,below,,,0,A 5m close below 29591.02 VWAP triggers a reclaim short; the sell stop is at 29591.02.,5m close back above 29645.25 cancels the VWAP reclaim.
2026-09-04:NY:v4,S1,short,reject,B,29585,29636,29481.5,29481.5,51,2.0294117647058822,2.0294117647058822,True,True,False,True,touch,below,,,0,Pullback rally to 29585.00 RTH-H after the 15m lower-high sequence; touch 29585.00 fades short.,5m close above 29601.00 PDH
2026-09-04:NY:v4,S2,short,sweep_reclaim,B,29720,29770,29585,29585,50,2.7,2.7,True,True,False,True,touch,above,1m_mss,below,2,Rally sweeps 29720.00 ONH and then prints a 1m MSS back below 29720.00.,5m close above 29770.00 cancels the sweep-reclaim short
2026-09-04:NY:v4,S3,long,reject,B,,,,29199.25,,,,,,,,touch,above,,,0,First touch of 29144.50 Demand·1h (HTF) after a wash lower; touch 29144.50 buys the reaction zone.,5m close below 29095.00
2026-09-04:NY:v5,S1,short,sweep_reclaim,B,29720,29765,29553.75,29601,45,3.6944444444444446,2.6444444444444444,True,True,False,True,touch,above,1x5m_close,below,2,"Price rallies to 29720.00 ONH, sweeps it with a wick, then 5m closes back below 29720.00",5m close above 29765.00 cancels the sweep-reclaim
2026-09-04:NY:v5,S2,short,breakout_retest,C,,,,29481.5,,,,,,,,touch,below,,,0,"5m breaks below 29530.63 POC, then pulls back to retest 29530.63 from below and stalls",5m close back above 29553.75 OR-L voids the retest
2026-09-04:NY:v6,S1,short,reject,B,29579.56,29614.5,29503.38,29553.75,34.93999999999869,2.1803091013166327,0.7386949055524407,True,True,True,True,touch,below,,,0,"After 13:30 CT, price rallies into 29579.56 VWAP and stalls; sell the touch, not a chase.",A 5m close above 29601.00 PDH invalidates this fade.
2026-09-04:NY:v6,S2,short,sweep_reclaim,B,29720,29755,29635,29635,35,2.4285714285714284,2.4285714285714284,True,True,False,True,touch,above,1x5m_close,below,2,Price rallies to 29720.00 ONH and sweeps it; a 5m close back below 29720.00 confirms the reclaim and the short.,A 5m close above 29755.00 invalidates the fade.
2026-09-04:NY:v6,S3,long,sweep_reclaim,C,,,,29425.12,,,,,,,,touch,below,1x5m_close,above,0,A flush to 29144.50 Demand·1h that sweeps the level and then posts a 5m close back above it.,A 5m close below 29101.75 PDL invalidates.
2026-09-06:ASIA:v1,S1,long,reject,B,29468.25,29440,29534.33,29524.75,28.25,2.3391150442478494,2.0,True,True,True,True,touch,above,,,0,Price touches 29468.25 PDL and rejects from the 29465.12-29468.25 discount shelf; long the retest.,Invalid on a 1x5m close below 29468.25 or loss of 29432.25.
2026-09-06:ASIA:v1,S2,long,reclaim,B,29526,29497,29657.38,29534.33,29,4.530344827586242,0.28724137931040505,True,True,True,True,1x5m_close,above,,,0,"After a 29502.88 OB(bear)·1h sweep and bounce, price reclaims 29524.75 PDC with a 1x5m close above; long the Asia recovery.",Invalid on a 1x5m close back below 29524.75 or a 5m close below 29502.88 before entry.
2026-09-06:ASIA:v1,S3,short,reject,B,29657.38,29687,29534.33,29539.38,29.61999999999898,4.154287643484251,3.983794733288456,True,True,True,True,touch,below,,,0,Rally touches 29657.38 Supply·1h and rejects; short the premium fade above the 29594.13 midpoint.,Invalid on a 1x5m close above 29657.38 or a 1x5m close above 29692.00.
2026-09-06:ASIA:v2,S1,long,sweep_reclaim,B,29524.75,29504,29575.48,29545,20.75,2.4448192771084125,0.9759036144578314,True,True,True,False,touch,below,1m_mss,above,2,"Sweep below 29524.75 PDC, then a 1m_mss back above 29530.25 ONL.",No 1m_mss reclaim above 29530.25 and 5m closes continue lower toward 29504.00.
2026-09-06:ASIA:v2,S2,long,reclaim,B,29575.48,29550,29657.38,29587.75,25.479999999999563,3.2142857142858263,0.4815541601256141,True,True,True,True,1x5m_close,above,,,0,"Dip below 29575.48 VWAP, then print a 1x5m close back above 29575.48.",5m close back below 29550.00 before the arm fills.
2026-09-06:ASIA:v2,S3,short,reject,C,29594.4,29612,29545,29575.48,17.599999999998545,2.8068181818184965,1.0750000000001965,True,True,True,True,touch,below,,,0,Touch 29594.40 VWAP+2σ and reject with no 1x5m close above 29594.40.,1x5m close above 29607.50.
2026-09-06:ASIA:v3,S1,long,sweep_reclaim,A,29530.25,29504.25,29607.5,29587.75,26.0,2.9711538461538463,2.2115384615384617,True,True,False,True,touch,below,1m_mss,above,2,"Sweep below 29530.25 ONL, then 1m MSS back above 29530.25",Two 5m closes below 29524.75 PDC void the setup
2026-09-06:ASIA:v3,S2,long,reject,C,29541.25,29516.25,29607.5,29587.75,25.0,2.65,1.86,True,True,False,True,touch,above,,,0,Touch of 29541.25 SWG-L·5m into 29541.12 Demand·1h confluence rejects; long limit at 29541.25,Two 5m closes below 29524.75 PDC void the long
2026-09-06:ASIA:v4,S1,long,reject,B,29575.25,29552.5,29623,29611,22.75,2.098901098901099,1.5714285714285714,True,True,False,True,touch,above,,,0,Price pulls back and touches 29575.25 SWG-L·5m while the 15m HL 29572.25 and 1h HL 29532.50 hold; fade the first touch.,A 5m candle closes below 29572.25 or 29575.25 fails to hold; cancel the setup.
2026-09-06:ASIA:v4,S2,long,reclaim,B,29620,29596.75,29692,29623,23.25,3.096774193548387,0.12903225806451613,True,True,False,True,1x5m_close,above,,,0,A 5m candle closes above 29619.25 EQH·1h (HTF) after a reclaim through 29611.00 OB(bull)·1h; buy stop 29620.00 for continuation.,A 5m close back below 29611.00 OB(bull)·1h or failure to hold above 29619.25 cancels the breakout.
2026-09-06:ASIA:v5,S1,long,reject,B,29576,29554,29623,29593.84,22,2.1363636363636362,0.8109090909090976,True,True,False,True,touch,above,,,0,Early retest of 29576.00 SWG-L·5m after the failed ONH push; buyers defend the 5m higher low.,A 5m close below 29576.00 voids the long.
2026-09-06:ASIA:v5,S2,long,reject,B,29557.57,29535.25,29623,29593.84,22.31999999999971,2.931451612903277,1.6250000000000409,True,True,True,True,touch,above,,,0,Retest of 29557.57 VWAP−1σ with 1h Demand 29541.12 just below as confluence.,A 5m close below 29557.57 voids the setup.
2026-09-06:ASIA:v5,S3,short,sweep_reclaim,C,,,,29593.84,,,,,,,,touch,above,1x5m_close,below,0,A second sweep of ONH 29623.00 that fails: a 1m/5m close back below 29623.00 confirms the reclaim.,A 5m close above 29623.00 after the sweep voids the short.
2026-09-06:ASIA:v6,S1,short,sweep_reclaim,B,,,,29611,,,,,,,,touch,above,1m_mss,below,0,"Price sweeps above 29623.00 ONH, then prints a 5m close back below 29623.00.",A 5m close above 29623.00 after the sweep invalidates the short.
2026-09-06:ASIA:v6,S2,short,reject,B,29692,29712,29623,29623,20,3.45,3.45,True,True,False,True,touch,above,,,0,Price touches 29692.00 RTH-H and rejects without a 5m close above 29692.00.,A 5m close above 29720.00 PDH invalidates the fade.
2026-09-06:ASIA:v6,S3,long,reject,B,29569.5,29550,29623,29596.75,19.5,2.7435897435897436,1.3974358974358974,True,True,False,True,touch,below,,,0,Price pulls back to 29569.50 SWG-L·5m and rejects upward without a 5m close below 29569.50.,A 5m close below 29541.12 Demand·1h invalidates the long.
2026-09-06:ASIA:v6,S4,long,sweep_reclaim,C,,,,29569.5,,,,,,,,touch,below,1m_mss,above,0,"Price sweeps below 29530.25 ONL, then prints a 5m close back above 29530.25.",A 5m close below 29524.75 PDC invalidates the long.
2026-09-07:ASIA:v1,S1,short,sweep_reclaim,A,,,,29674.82,,,,,,,,touch,above,1x5m_close,below,0,"Fresh push through 29687.50 ONH that sweeps the high, then a 5m close back below 29687.50",A 5m close above 29707.50 invalidates the short; no 5m close below 29687.50 after the sweep leaves it a breakout.
2026-09-07:ASIA:v1,S2,short,reject,B,29707.5,29737.5,29636.64,29687.5,30.0,2.362000000000019,0.6666666666666666,True,True,True,True,touch,below,,,0,"Rally into 29707.50 EQH·1h, stall, and fall back below 29707.50; limit short rests there.",A 5m close above 29750.62 invalidates this short.
2026-09-07:ASIA:v1,S3,short,hold,B,,,,29636.64,,,,,,,,time_hold,below,,,0,Break below 29664.50 and hold with 1m closes below 29664.50,A 5m close back above 29664.50 invalidates the hold.
2026-09-07:ASIA:v2,S1,long,reject,B,29671.42,29647,29721.25,29708.25,24.419999999998254,2.040540540540758,1.5081900081901876,True,True,True,True,touch,above,,,0,Pullback to VWAP+1σ 29671.42 magnet — touch and hold = long back toward ONH,5m close below 29664.50 (SWG-H·15m) kills the setup
2026-09-07:ASIA:v2,S2,long,reject,B,29664.5,29640,29721.25,29671.42,24.5,2.316326530612245,0.28244897959176546,True,True,False,True,touch,above,,,0,Deeper pullback to reclaimed SWG-H·15m 29664.50 — first-touch reject = long,5m close below 29646.00 (OR-H) kills the setup
2026-09-07:ASIA:v2,S3,short,reject,C,29721.25,29746.5,29664.5,29708.25,25.25,2.2475247524752477,0.5148514851485149,True,True,False,True,touch,below,,,0,First touch of ONH 29721.25 — rejection = short back toward the range,5m close above 29724.57 (VWAP+2σ) voids the short
2026-09-07:ASIA:v2,S4,short,sweep_reclaim,B,29721.25,29746.5,29664.5,29708.25,25.25,2.2475247524752477,0.5148514851485149,True,True,False,True,touch,below,1x5m_close,below,2,Sweep of ONH 29721.25 toward 29722.62–29724.57 that fails and closes back below 29721.25 on 5m,5m close above 29724.57 (VWAP+2σ) voids the short
2026-09-07:ASIA:v3,S1,short,reject,A,29675.22,29700,29621.97,29662.5,24.779999999998836,2.148910411622377,0.5133171912833641,True,True,True,True,touch,below,,,0,Touch of 29675.22 VWAP+1σ after the 29721.25 ONH failure; upper-value fade with 29670.00 OB(bear)·1h as confluence.,5m close above 29675.22 cancels the fade; stop beyond 29700.00.
2026-09-07:ASIA:v3,S2,long,reject,B,29568.73,29544.75,29621.97,29583.34,23.979999999999563,2.220183486238639,0.6092577147623373,True,True,True,True,touch,above,,,0,Touch of 29568.73 VWAP−1σ in discount below the 50% mark 29607.40; lower-value reversion long.,5m close below 29568.73 cancels the long fade; stop beyond 29544.75.
2026-09-07:ASIA:v3,S3,short,sweep_reclaim,B,29721.25,29745.25,29646,29675.22,24.0,3.1354166666666665,1.917916666666618,True,True,False,True,touch,above,1x5m_close,below,2,Sweep of 29721.25 ONH followed by a 5m close back below 29721.25.,No 5m close back below 29721.25 after the sweep; holding above kills the fade.
