source_revision,file,line,pinned_url
5457ac5accd97c3519bf6d16ead147a0db2ab0d0,api/handler_plan.go,2275,https://github.com/johnwick2921-cyber/nofx/blob/5457ac5accd97c3519bf6d16ead147a0db2ab0d0/api/handler_plan.go#L2275
5457ac5accd97c3519bf6d16ead147a0db2ab0d0,api/handler_plan.go,715,https://github.com/johnwick2921-cyber/nofx/blob/5457ac5accd97c3519bf6d16ead147a0db2ab0d0/api/handler_plan.go#L715
5457ac5accd97c3519bf6d16ead147a0db2ab0d0,calendar/calendar.go,172,https://github.com/johnwick2921-cyber/nofx/blob/5457ac5accd97c3519bf6d16ead147a0db2ab0d0/calendar/calendar.go#L172
5457ac5accd97c3519bf6d16ead147a0db2ab0d0,kernel/detector_recorder.go,50,https://github.com/johnwick2921-cyber/nofx/blob/5457ac5accd97c3519bf6d16ead147a0db2ab0d0/kernel/detector_recorder.go#L50
5457ac5accd97c3519bf6d16ead147a0db2ab0d0,kernel/detector_recorder.go,67,https://github.com/johnwick2921-cyber/nofx/blob/5457ac5accd97c3519bf6d16ead147a0db2ab0d0/kernel/detector_recorder.go#L67
5457ac5accd97c3519bf6d16ead147a0db2ab0d0,kernel/engine_analysis.go,468,https://github.com/johnwick2921-cyber/nofx/blob/5457ac5accd97c3519bf6d16ead147a0db2ab0d0/kernel/engine_analysis.go#L468
5457ac5accd97c3519bf6d16ead147a0db2ab0d0,kernel/engine_prompt.go,827,https://github.com/johnwick2921-cyber/nofx/blob/5457ac5accd97c3519bf6d16ead147a0db2ab0d0/kernel/engine_prompt.go#L827
5457ac5accd97c3519bf6d16ead147a0db2ab0d0,kernel/fvg_entry.go,268,https://github.com/johnwick2921-cyber/nofx/blob/5457ac5accd97c3519bf6d16ead147a0db2ab0d0/kernel/fvg_entry.go#L268
5457ac5accd97c3519bf6d16ead147a0db2ab0d0,kernel/fvg_entry.go,70,https://github.com/johnwick2921-cyber/nofx/blob/5457ac5accd97c3519bf6d16ead147a0db2ab0d0/kernel/fvg_entry.go#L70
5457ac5accd97c3519bf6d16ead147a0db2ab0d0,kernel/level_identity.go,12,https://github.com/johnwick2921-cyber/nofx/blob/5457ac5accd97c3519bf6d16ead147a0db2ab0d0/kernel/level_identity.go#L12
5457ac5accd97c3519bf6d16ead147a0db2ab0d0,kernel/levels.go,92,https://github.com/johnwick2921-cyber/nofx/blob/5457ac5accd97c3519bf6d16ead147a0db2ab0d0/kernel/levels.go#L92
5457ac5accd97c3519bf6d16ead147a0db2ab0d0,kernel/levels_assemble.go,150,https://github.com/johnwick2921-cyber/nofx/blob/5457ac5accd97c3519bf6d16ead147a0db2ab0d0/kernel/levels_assemble.go#L150
5457ac5accd97c3519bf6d16ead147a0db2ab0d0,kernel/levels_assemble.go,222,https://github.com/johnwick2921-cyber/nofx/blob/5457ac5accd97c3519bf6d16ead147a0db2ab0d0/kernel/levels_assemble.go#L222
5457ac5accd97c3519bf6d16ead147a0db2ab0d0,kernel/levels_assemble.go,238,https://github.com/johnwick2921-cyber/nofx/blob/5457ac5accd97c3519bf6d16ead147a0db2ab0d0/kernel/levels_assemble.go#L238
5457ac5accd97c3519bf6d16ead147a0db2ab0d0,kernel/levels_assemble.go,256,https://github.com/johnwick2921-cyber/nofx/blob/5457ac5accd97c3519bf6d16ead147a0db2ab0d0/kernel/levels_assemble.go#L256
5457ac5accd97c3519bf6d16ead147a0db2ab0d0,kernel/levels_assemble.go,291,https://github.com/johnwick2921-cyber/nofx/blob/5457ac5accd97c3519bf6d16ead147a0db2ab0d0/kernel/levels_assemble.go#L291
5457ac5accd97c3519bf6d16ead147a0db2ab0d0,kernel/levels_intraday.go,127,https://github.com/johnwick2921-cyber/nofx/blob/5457ac5accd97c3519bf6d16ead147a0db2ab0d0/kernel/levels_intraday.go#L127
5457ac5accd97c3519bf6d16ead147a0db2ab0d0,kernel/levels_intraday.go,16,https://github.com/johnwick2921-cyber/nofx/blob/5457ac5accd97c3519bf6d16ead147a0db2ab0d0/kernel/levels_intraday.go#L16
5457ac5accd97c3519bf6d16ead147a0db2ab0d0,kernel/levels_intraday.go,57,https://github.com/johnwick2921-cyber/nofx/blob/5457ac5accd97c3519bf6d16ead147a0db2ab0d0/kernel/levels_intraday.go#L57
5457ac5accd97c3519bf6d16ead147a0db2ab0d0,kernel/levels_multiday.go,102,https://github.com/johnwick2921-cyber/nofx/blob/5457ac5accd97c3519bf6d16ead147a0db2ab0d0/kernel/levels_multiday.go#L102
5457ac5accd97c3519bf6d16ead147a0db2ab0d0,kernel/levels_multiday.go,154,https://github.com/johnwick2921-cyber/nofx/blob/5457ac5accd97c3519bf6d16ead147a0db2ab0d0/kernel/levels_multiday.go#L154
5457ac5accd97c3519bf6d16ead147a0db2ab0d0,kernel/levels_multiday.go,192,https://github.com/johnwick2921-cyber/nofx/blob/5457ac5accd97c3519bf6d16ead147a0db2ab0d0/kernel/levels_multiday.go#L192
5457ac5accd97c3519bf6d16ead147a0db2ab0d0,kernel/levels_multiday.go,221,https://github.com/johnwick2921-cyber/nofx/blob/5457ac5accd97c3519bf6d16ead147a0db2ab0d0/kernel/levels_multiday.go#L221
5457ac5accd97c3519bf6d16ead147a0db2ab0d0,kernel/levels_multiday.go,88,https://github.com/johnwick2921-cyber/nofx/blob/5457ac5accd97c3519bf6d16ead147a0db2ab0d0/kernel/levels_multiday.go#L88
5457ac5accd97c3519bf6d16ead147a0db2ab0d0,kernel/levels_role.go,164,https://github.com/johnwick2921-cyber/nofx/blob/5457ac5accd97c3519bf6d16ead147a0db2ab0d0/kernel/levels_role.go#L164
5457ac5accd97c3519bf6d16ead147a0db2ab0d0,kernel/levels_score.go,148,https://github.com/johnwick2921-cyber/nofx/blob/5457ac5accd97c3519bf6d16ead147a0db2ab0d0/kernel/levels_score.go#L148
5457ac5accd97c3519bf6d16ead147a0db2ab0d0,kernel/levels_score.go,325,https://github.com/johnwick2921-cyber/nofx/blob/5457ac5accd97c3519bf6d16ead147a0db2ab0d0/kernel/levels_score.go#L325
5457ac5accd97c3519bf6d16ead147a0db2ab0d0,kernel/levels_score.go,359,https://github.com/johnwick2921-cyber/nofx/blob/5457ac5accd97c3519bf6d16ead147a0db2ab0d0/kernel/levels_score.go#L359
5457ac5accd97c3519bf6d16ead147a0db2ab0d0,kernel/levels_score.go,467,https://github.com/johnwick2921-cyber/nofx/blob/5457ac5accd97c3519bf6d16ead147a0db2ab0d0/kernel/levels_score.go#L467
5457ac5accd97c3519bf6d16ead147a0db2ab0d0,kernel/levels_score.go,482,https://github.com/johnwick2921-cyber/nofx/blob/5457ac5accd97c3519bf6d16ead147a0db2ab0d0/kernel/levels_score.go#L482
5457ac5accd97c3519bf6d16ead147a0db2ab0d0,kernel/levels_score.go,535,https://github.com/johnwick2921-cyber/nofx/blob/5457ac5accd97c3519bf6d16ead147a0db2ab0d0/kernel/levels_score.go#L535
5457ac5accd97c3519bf6d16ead147a0db2ab0d0,kernel/levels_score.go,539,https://github.com/johnwick2921-cyber/nofx/blob/5457ac5accd97c3519bf6d16ead147a0db2ab0d0/kernel/levels_score.go#L539
5457ac5accd97c3519bf6d16ead147a0db2ab0d0,kernel/levels_score.go,601,https://github.com/johnwick2921-cyber/nofx/blob/5457ac5accd97c3519bf6d16ead147a0db2ab0d0/kernel/levels_score.go#L601
5457ac5accd97c3519bf6d16ead147a0db2ab0d0,kernel/levels_score.go,663,https://github.com/johnwick2921-cyber/nofx/blob/5457ac5accd97c3519bf6d16ead147a0db2ab0d0/kernel/levels_score.go#L663
5457ac5accd97c3519bf6d16ead147a0db2ab0d0,kernel/levels_score.go,678,https://github.com/johnwick2921-cyber/nofx/blob/5457ac5accd97c3519bf6d16ead147a0db2ab0d0/kernel/levels_score.go#L678
5457ac5accd97c3519bf6d16ead147a0db2ab0d0,kernel/levels_score.go,70,https://github.com/johnwick2921-cyber/nofx/blob/5457ac5accd97c3519bf6d16ead147a0db2ab0d0/kernel/levels_score.go#L70
5457ac5accd97c3519bf6d16ead147a0db2ab0d0,kernel/levels_score.go,715,https://github.com/johnwick2921-cyber/nofx/blob/5457ac5accd97c3519bf6d16ead147a0db2ab0d0/kernel/levels_score.go#L715
5457ac5accd97c3519bf6d16ead147a0db2ab0d0,kernel/levels_score.go,769,https://github.com/johnwick2921-cyber/nofx/blob/5457ac5accd97c3519bf6d16ead147a0db2ab0d0/kernel/levels_score.go#L769
5457ac5accd97c3519bf6d16ead147a0db2ab0d0,kernel/levels_score.go,87,https://github.com/johnwick2921-cyber/nofx/blob/5457ac5accd97c3519bf6d16ead147a0db2ab0d0/kernel/levels_score.go#L87
5457ac5accd97c3519bf6d16ead147a0db2ab0d0,kernel/levels_score.go,870,https://github.com/johnwick2921-cyber/nofx/blob/5457ac5accd97c3519bf6d16ead147a0db2ab0d0/kernel/levels_score.go#L870
5457ac5accd97c3519bf6d16ead147a0db2ab0d0,kernel/levels_score.go,935,https://github.com/johnwick2921-cyber/nofx/blob/5457ac5accd97c3519bf6d16ead147a0db2ab0d0/kernel/levels_score.go#L935
5457ac5accd97c3519bf6d16ead147a0db2ab0d0,kernel/levels_swing.go,27,https://github.com/johnwick2921-cyber/nofx/blob/5457ac5accd97c3519bf6d16ead147a0db2ab0d0/kernel/levels_swing.go#L27
5457ac5accd97c3519bf6d16ead147a0db2ab0d0,kernel/levels_volume.go,123,https://github.com/johnwick2921-cyber/nofx/blob/5457ac5accd97c3519bf6d16ead147a0db2ab0d0/kernel/levels_volume.go#L123
5457ac5accd97c3519bf6d16ead147a0db2ab0d0,kernel/levels_volume.go,132,https://github.com/johnwick2921-cyber/nofx/blob/5457ac5accd97c3519bf6d16ead147a0db2ab0d0/kernel/levels_volume.go#L132
5457ac5accd97c3519bf6d16ead147a0db2ab0d0,kernel/levels_volume.go,257,https://github.com/johnwick2921-cyber/nofx/blob/5457ac5accd97c3519bf6d16ead147a0db2ab0d0/kernel/levels_volume.go#L257
5457ac5accd97c3519bf6d16ead147a0db2ab0d0,kernel/levels_volume.go,318,https://github.com/johnwick2921-cyber/nofx/blob/5457ac5accd97c3519bf6d16ead147a0db2ab0d0/kernel/levels_volume.go#L318
5457ac5accd97c3519bf6d16ead147a0db2ab0d0,kernel/levels_volume.go,35,https://github.com/johnwick2921-cyber/nofx/blob/5457ac5accd97c3519bf6d16ead147a0db2ab0d0/kernel/levels_volume.go#L35
5457ac5accd97c3519bf6d16ead147a0db2ab0d0,kernel/levels_volume.go,366,https://github.com/johnwick2921-cyber/nofx/blob/5457ac5accd97c3519bf6d16ead147a0db2ab0d0/kernel/levels_volume.go#L366
5457ac5accd97c3519bf6d16ead147a0db2ab0d0,kernel/levels_volume.go,97,https://github.com/johnwick2921-cyber/nofx/blob/5457ac5accd97c3519bf6d16ead147a0db2ab0d0/kernel/levels_volume.go#L97
5457ac5accd97c3519bf6d16ead147a0db2ab0d0,kernel/levels_zones.go,103,https://github.com/johnwick2921-cyber/nofx/blob/5457ac5accd97c3519bf6d16ead147a0db2ab0d0/kernel/levels_zones.go#L103
5457ac5accd97c3519bf6d16ead147a0db2ab0d0,kernel/levels_zones.go,166,https://github.com/johnwick2921-cyber/nofx/blob/5457ac5accd97c3519bf6d16ead147a0db2ab0d0/kernel/levels_zones.go#L166
5457ac5accd97c3519bf6d16ead147a0db2ab0d0,kernel/levels_zones.go,276,https://github.com/johnwick2921-cyber/nofx/blob/5457ac5accd97c3519bf6d16ead147a0db2ab0d0/kernel/levels_zones.go#L276
5457ac5accd97c3519bf6d16ead147a0db2ab0d0,kernel/levels_zones.go,34,https://github.com/johnwick2921-cyber/nofx/blob/5457ac5accd97c3519bf6d16ead147a0db2ab0d0/kernel/levels_zones.go#L34
5457ac5accd97c3519bf6d16ead147a0db2ab0d0,kernel/naked_poc.go,34,https://github.com/johnwick2921-cyber/nofx/blob/5457ac5accd97c3519bf6d16ead147a0db2ab0d0/kernel/naked_poc.go#L34
5457ac5accd97c3519bf6d16ead147a0db2ab0d0,kernel/plan_confirm.go,103,https://github.com/johnwick2921-cyber/nofx/blob/5457ac5accd97c3519bf6d16ead147a0db2ab0d0/kernel/plan_confirm.go#L103
5457ac5accd97c3519bf6d16ead147a0db2ab0d0,kernel/plan_confirm.go,209,https://github.com/johnwick2921-cyber/nofx/blob/5457ac5accd97c3519bf6d16ead147a0db2ab0d0/kernel/plan_confirm.go#L209
5457ac5accd97c3519bf6d16ead147a0db2ab0d0,kernel/plan_confirm.go,238,https://github.com/johnwick2921-cyber/nofx/blob/5457ac5accd97c3519bf6d16ead147a0db2ab0d0/kernel/plan_confirm.go#L238
5457ac5accd97c3519bf6d16ead147a0db2ab0d0,kernel/plan_confirm.go,49,https://github.com/johnwick2921-cyber/nofx/blob/5457ac5accd97c3519bf6d16ead147a0db2ab0d0/kernel/plan_confirm.go#L49
5457ac5accd97c3519bf6d16ead147a0db2ab0d0,kernel/plan_doc.go,1210,https://github.com/johnwick2921-cyber/nofx/blob/5457ac5accd97c3519bf6d16ead147a0db2ab0d0/kernel/plan_doc.go#L1210
5457ac5accd97c3519bf6d16ead147a0db2ab0d0,kernel/plan_doc.go,206,https://github.com/johnwick2921-cyber/nofx/blob/5457ac5accd97c3519bf6d16ead147a0db2ab0d0/kernel/plan_doc.go#L206
5457ac5accd97c3519bf6d16ead147a0db2ab0d0,kernel/plan_doc.go,25,https://github.com/johnwick2921-cyber/nofx/blob/5457ac5accd97c3519bf6d16ead147a0db2ab0d0/kernel/plan_doc.go#L25
5457ac5accd97c3519bf6d16ead147a0db2ab0d0,kernel/plan_doc.go,393,https://github.com/johnwick2921-cyber/nofx/blob/5457ac5accd97c3519bf6d16ead147a0db2ab0d0/kernel/plan_doc.go#L393
5457ac5accd97c3519bf6d16ead147a0db2ab0d0,kernel/plan_doc.go,472,https://github.com/johnwick2921-cyber/nofx/blob/5457ac5accd97c3519bf6d16ead147a0db2ab0d0/kernel/plan_doc.go#L472
5457ac5accd97c3519bf6d16ead147a0db2ab0d0,kernel/plan_doc.go,646,https://github.com/johnwick2921-cyber/nofx/blob/5457ac5accd97c3519bf6d16ead147a0db2ab0d0/kernel/plan_doc.go#L646
5457ac5accd97c3519bf6d16ead147a0db2ab0d0,kernel/plan_doc.go,913,https://github.com/johnwick2921-cyber/nofx/blob/5457ac5accd97c3519bf6d16ead147a0db2ab0d0/kernel/plan_doc.go#L913
5457ac5accd97c3519bf6d16ead147a0db2ab0d0,kernel/plan_lifecycle.go,156,https://github.com/johnwick2921-cyber/nofx/blob/5457ac5accd97c3519bf6d16ead147a0db2ab0d0/kernel/plan_lifecycle.go#L156
5457ac5accd97c3519bf6d16ead147a0db2ab0d0,kernel/plan_render.go,156,https://github.com/johnwick2921-cyber/nofx/blob/5457ac5accd97c3519bf6d16ead147a0db2ab0d0/kernel/plan_render.go#L156
5457ac5accd97c3519bf6d16ead147a0db2ab0d0,kernel/planner_prompt.go,157,https://github.com/johnwick2921-cyber/nofx/blob/5457ac5accd97c3519bf6d16ead147a0db2ab0d0/kernel/planner_prompt.go#L157
5457ac5accd97c3519bf6d16ead147a0db2ab0d0,kernel/planner_prompt.go,165,https://github.com/johnwick2921-cyber/nofx/blob/5457ac5accd97c3519bf6d16ead147a0db2ab0d0/kernel/planner_prompt.go#L165
5457ac5accd97c3519bf6d16ead147a0db2ab0d0,kernel/planner_prompt.go,171,https://github.com/johnwick2921-cyber/nofx/blob/5457ac5accd97c3519bf6d16ead147a0db2ab0d0/kernel/planner_prompt.go#L171
5457ac5accd97c3519bf6d16ead147a0db2ab0d0,kernel/planner_prompt.go,380,https://github.com/johnwick2921-cyber/nofx/blob/5457ac5accd97c3519bf6d16ead147a0db2ab0d0/kernel/planner_prompt.go#L380
5457ac5accd97c3519bf6d16ead147a0db2ab0d0,kernel/planner_prompt.go,612,https://github.com/johnwick2921-cyber/nofx/blob/5457ac5accd97c3519bf6d16ead147a0db2ab0d0/kernel/planner_prompt.go#L612
5457ac5accd97c3519bf6d16ead147a0db2ab0d0,kernel/planner_prompt.go,697,https://github.com/johnwick2921-cyber/nofx/blob/5457ac5accd97c3519bf6d16ead147a0db2ab0d0/kernel/planner_prompt.go#L697
5457ac5accd97c3519bf6d16ead147a0db2ab0d0,kernel/planner_prompt.go,730,https://github.com/johnwick2921-cyber/nofx/blob/5457ac5accd97c3519bf6d16ead147a0db2ab0d0/kernel/planner_prompt.go#L730
5457ac5accd97c3519bf6d16ead147a0db2ab0d0,kernel/regime.go,181,https://github.com/johnwick2921-cyber/nofx/blob/5457ac5accd97c3519bf6d16ead147a0db2ab0d0/kernel/regime.go#L181
5457ac5accd97c3519bf6d16ead147a0db2ab0d0,kernel/regime.go,47,https://github.com/johnwick2921-cyber/nofx/blob/5457ac5accd97c3519bf6d16ead147a0db2ab0d0/kernel/regime.go#L47
5457ac5accd97c3519bf6d16ead147a0db2ab0d0,kernel/regime.go,81,https://github.com/johnwick2921-cyber/nofx/blob/5457ac5accd97c3519bf6d16ead147a0db2ab0d0/kernel/regime.go#L81
5457ac5accd97c3519bf6d16ead147a0db2ab0d0,kernel/regime_baseline.go,31,https://github.com/johnwick2921-cyber/nofx/blob/5457ac5accd97c3519bf6d16ead147a0db2ab0d0/kernel/regime_baseline.go#L31
5457ac5accd97c3519bf6d16ead147a0db2ab0d0,kernel/regime_baseline.go,41,https://github.com/johnwick2921-cyber/nofx/blob/5457ac5accd97c3519bf6d16ead147a0db2ab0d0/kernel/regime_baseline.go#L41
5457ac5accd97c3519bf6d16ead147a0db2ab0d0,kernel/regime_baseline.go,52,https://github.com/johnwick2921-cyber/nofx/blob/5457ac5accd97c3519bf6d16ead147a0db2ab0d0/kernel/regime_baseline.go#L52
5457ac5accd97c3519bf6d16ead147a0db2ab0d0,kernel/scenario_facts.go,440,https://github.com/johnwick2921-cyber/nofx/blob/5457ac5accd97c3519bf6d16ead147a0db2ab0d0/kernel/scenario_facts.go#L440
5457ac5accd97c3519bf6d16ead147a0db2ab0d0,kernel/scenario_state.go,137,https://github.com/johnwick2921-cyber/nofx/blob/5457ac5accd97c3519bf6d16ead147a0db2ab0d0/kernel/scenario_state.go#L137
5457ac5accd97c3519bf6d16ead147a0db2ab0d0,kernel/scenario_state.go,194,https://github.com/johnwick2921-cyber/nofx/blob/5457ac5accd97c3519bf6d16ead147a0db2ab0d0/kernel/scenario_state.go#L194
5457ac5accd97c3519bf6d16ead147a0db2ab0d0,kernel/scenario_state.go,96,https://github.com/johnwick2921-cyber/nofx/blob/5457ac5accd97c3519bf6d16ead147a0db2ab0d0/kernel/scenario_state.go#L96
5457ac5accd97c3519bf6d16ead147a0db2ab0d0,kernel/session_calendar.go,423,https://github.com/johnwick2921-cyber/nofx/blob/5457ac5accd97c3519bf6d16ead147a0db2ab0d0/kernel/session_calendar.go#L423
5457ac5accd97c3519bf6d16ead147a0db2ab0d0,kernel/session_calendar.json,85,https://github.com/johnwick2921-cyber/nofx/blob/5457ac5accd97c3519bf6d16ead147a0db2ab0d0/kernel/session_calendar.json#L85
5457ac5accd97c3519bf6d16ead147a0db2ab0d0,kernel/session_registry.go,107,https://github.com/johnwick2921-cyber/nofx/blob/5457ac5accd97c3519bf6d16ead147a0db2ab0d0/kernel/session_registry.go#L107
5457ac5accd97c3519bf6d16ead147a0db2ab0d0,kernel/session_registry.go,190,https://github.com/johnwick2921-cyber/nofx/blob/5457ac5accd97c3519bf6d16ead147a0db2ab0d0/kernel/session_registry.go#L190
5457ac5accd97c3519bf6d16ead147a0db2ab0d0,kernel/structure.go,26,https://github.com/johnwick2921-cyber/nofx/blob/5457ac5accd97c3519bf6d16ead147a0db2ab0d0/kernel/structure.go#L26
5457ac5accd97c3519bf6d16ead147a0db2ab0d0,kernel/structure.go,392,https://github.com/johnwick2921-cyber/nofx/blob/5457ac5accd97c3519bf6d16ead147a0db2ab0d0/kernel/structure.go#L392
5457ac5accd97c3519bf6d16ead147a0db2ab0d0,kernel/svp.go,132,https://github.com/johnwick2921-cyber/nofx/blob/5457ac5accd97c3519bf6d16ead147a0db2ab0d0/kernel/svp.go#L132
5457ac5accd97c3519bf6d16ead147a0db2ab0d0,kernel/svp.go,40,https://github.com/johnwick2921-cyber/nofx/blob/5457ac5accd97c3519bf6d16ead147a0db2ab0d0/kernel/svp.go#L40
5457ac5accd97c3519bf6d16ead147a0db2ab0d0,kernel/weekly_prompt.go,313,https://github.com/johnwick2921-cyber/nofx/blob/5457ac5accd97c3519bf6d16ead147a0db2ab0d0/kernel/weekly_prompt.go#L313
5457ac5accd97c3519bf6d16ead147a0db2ab0d0,market/data.go,244,https://github.com/johnwick2921-cyber/nofx/blob/5457ac5accd97c3519bf6d16ead147a0db2ab0d0/market/data.go#L244
5457ac5accd97c3519bf6d16ead147a0db2ab0d0,market/data_indicators.go,6,https://github.com/johnwick2921-cyber/nofx/blob/5457ac5accd97c3519bf6d16ead147a0db2ab0d0/market/data_indicators.go#L6
5457ac5accd97c3519bf6d16ead147a0db2ab0d0,market/futures_symbol.go,113,https://github.com/johnwick2921-cyber/nofx/blob/5457ac5accd97c3519bf6d16ead147a0db2ab0d0/market/futures_symbol.go#L113
5457ac5accd97c3519bf6d16ead147a0db2ab0d0,provider/ninjatrader/bar_cache.go,144,https://github.com/johnwick2921-cyber/nofx/blob/5457ac5accd97c3519bf6d16ead147a0db2ab0d0/provider/ninjatrader/bar_cache.go#L144
5457ac5accd97c3519bf6d16ead147a0db2ab0d0,provider/ninjatrader/bar_cache.go,24,https://github.com/johnwick2921-cyber/nofx/blob/5457ac5accd97c3519bf6d16ead147a0db2ab0d0/provider/ninjatrader/bar_cache.go#L24
5457ac5accd97c3519bf6d16ead147a0db2ab0d0,provider/ninjatrader/tcp_server.go,492,https://github.com/johnwick2921-cyber/nofx/blob/5457ac5accd97c3519bf6d16ead147a0db2ab0d0/provider/ninjatrader/tcp_server.go#L492
5457ac5accd97c3519bf6d16ead147a0db2ab0d0,store/armed_orders.go,247,https://github.com/johnwick2921-cyber/nofx/blob/5457ac5accd97c3519bf6d16ead147a0db2ab0d0/store/armed_orders.go#L247
5457ac5accd97c3519bf6d16ead147a0db2ab0d0,store/bar_history.go,22,https://github.com/johnwick2921-cyber/nofx/blob/5457ac5accd97c3519bf6d16ead147a0db2ab0d0/store/bar_history.go#L22
5457ac5accd97c3519bf6d16ead147a0db2ab0d0,store/level_state.go,282,https://github.com/johnwick2921-cyber/nofx/blob/5457ac5accd97c3519bf6d16ead147a0db2ab0d0/store/level_state.go#L282
5457ac5accd97c3519bf6d16ead147a0db2ab0d0,store/plan.go,249,https://github.com/johnwick2921-cyber/nofx/blob/5457ac5accd97c3519bf6d16ead147a0db2ab0d0/store/plan.go#L249
5457ac5accd97c3519bf6d16ead147a0db2ab0d0,store/plan.go,287,https://github.com/johnwick2921-cyber/nofx/blob/5457ac5accd97c3519bf6d16ead147a0db2ab0d0/store/plan.go#L287
5457ac5accd97c3519bf6d16ead147a0db2ab0d0,store/plan.go,396,https://github.com/johnwick2921-cyber/nofx/blob/5457ac5accd97c3519bf6d16ead147a0db2ab0d0/store/plan.go#L396
5457ac5accd97c3519bf6d16ead147a0db2ab0d0,store/plan.go,59,https://github.com/johnwick2921-cyber/nofx/blob/5457ac5accd97c3519bf6d16ead147a0db2ab0d0/store/plan.go#L59
5457ac5accd97c3519bf6d16ead147a0db2ab0d0,store/session_profile.go,59,https://github.com/johnwick2921-cyber/nofx/blob/5457ac5accd97c3519bf6d16ead147a0db2ab0d0/store/session_profile.go#L59
5457ac5accd97c3519bf6d16ead147a0db2ab0d0,store/touch_outcomes.go,237,https://github.com/johnwick2921-cyber/nofx/blob/5457ac5accd97c3519bf6d16ead147a0db2ab0d0/store/touch_outcomes.go#L237
5457ac5accd97c3519bf6d16ead147a0db2ab0d0,store/touch_outcomes.go,281,https://github.com/johnwick2921-cyber/nofx/blob/5457ac5accd97c3519bf6d16ead147a0db2ab0d0/store/touch_outcomes.go#L281
5457ac5accd97c3519bf6d16ead147a0db2ab0d0,trader/armed_executor.go,1905,https://github.com/johnwick2921-cyber/nofx/blob/5457ac5accd97c3519bf6d16ead147a0db2ab0d0/trader/armed_executor.go#L1905
5457ac5accd97c3519bf6d16ead147a0db2ab0d0,trader/armed_executor.go,921,https://github.com/johnwick2921-cyber/nofx/blob/5457ac5accd97c3519bf6d16ead147a0db2ab0d0/trader/armed_executor.go#L921
5457ac5accd97c3519bf6d16ead147a0db2ab0d0,trader/auto_trader_dayplan.go,101,https://github.com/johnwick2921-cyber/nofx/blob/5457ac5accd97c3519bf6d16ead147a0db2ab0d0/trader/auto_trader_dayplan.go#L101
5457ac5accd97c3519bf6d16ead147a0db2ab0d0,trader/auto_trader_dayplan.go,158,https://github.com/johnwick2921-cyber/nofx/blob/5457ac5accd97c3519bf6d16ead147a0db2ab0d0/trader/auto_trader_dayplan.go#L158
5457ac5accd97c3519bf6d16ead147a0db2ab0d0,trader/auto_trader_dayplan.go,172,https://github.com/johnwick2921-cyber/nofx/blob/5457ac5accd97c3519bf6d16ead147a0db2ab0d0/trader/auto_trader_dayplan.go#L172
5457ac5accd97c3519bf6d16ead147a0db2ab0d0,trader/auto_trader_indicator_mirror.go,15,https://github.com/johnwick2921-cyber/nofx/blob/5457ac5accd97c3519bf6d16ead147a0db2ab0d0/trader/auto_trader_indicator_mirror.go#L15
5457ac5accd97c3519bf6d16ead147a0db2ab0d0,trader/auto_trader_loop.go,595,https://github.com/johnwick2921-cyber/nofx/blob/5457ac5accd97c3519bf6d16ead147a0db2ab0d0/trader/auto_trader_loop.go#L595
5457ac5accd97c3519bf6d16ead147a0db2ab0d0,trader/auto_trader_planner.go,1508,https://github.com/johnwick2921-cyber/nofx/blob/5457ac5accd97c3519bf6d16ead147a0db2ab0d0/trader/auto_trader_planner.go#L1508
5457ac5accd97c3519bf6d16ead147a0db2ab0d0,trader/auto_trader_planner.go,1660,https://github.com/johnwick2921-cyber/nofx/blob/5457ac5accd97c3519bf6d16ead147a0db2ab0d0/trader/auto_trader_planner.go#L1660
5457ac5accd97c3519bf6d16ead147a0db2ab0d0,trader/auto_trader_planner.go,1691,https://github.com/johnwick2921-cyber/nofx/blob/5457ac5accd97c3519bf6d16ead147a0db2ab0d0/trader/auto_trader_planner.go#L1691
5457ac5accd97c3519bf6d16ead147a0db2ab0d0,trader/auto_trader_planner.go,1698,https://github.com/johnwick2921-cyber/nofx/blob/5457ac5accd97c3519bf6d16ead147a0db2ab0d0/trader/auto_trader_planner.go#L1698
5457ac5accd97c3519bf6d16ead147a0db2ab0d0,trader/auto_trader_planner.go,1938,https://github.com/johnwick2921-cyber/nofx/blob/5457ac5accd97c3519bf6d16ead147a0db2ab0d0/trader/auto_trader_planner.go#L1938
5457ac5accd97c3519bf6d16ead147a0db2ab0d0,trader/auto_trader_planner.go,2054,https://github.com/johnwick2921-cyber/nofx/blob/5457ac5accd97c3519bf6d16ead147a0db2ab0d0/trader/auto_trader_planner.go#L2054
5457ac5accd97c3519bf6d16ead147a0db2ab0d0,trader/auto_trader_planner.go,2130,https://github.com/johnwick2921-cyber/nofx/blob/5457ac5accd97c3519bf6d16ead147a0db2ab0d0/trader/auto_trader_planner.go#L2130
5457ac5accd97c3519bf6d16ead147a0db2ab0d0,trader/auto_trader_planner.go,2146,https://github.com/johnwick2921-cyber/nofx/blob/5457ac5accd97c3519bf6d16ead147a0db2ab0d0/trader/auto_trader_planner.go#L2146
5457ac5accd97c3519bf6d16ead147a0db2ab0d0,trader/auto_trader_planner.go,2185,https://github.com/johnwick2921-cyber/nofx/blob/5457ac5accd97c3519bf6d16ead147a0db2ab0d0/trader/auto_trader_planner.go#L2185
5457ac5accd97c3519bf6d16ead147a0db2ab0d0,trader/auto_trader_planner.go,2210,https://github.com/johnwick2921-cyber/nofx/blob/5457ac5accd97c3519bf6d16ead147a0db2ab0d0/trader/auto_trader_planner.go#L2210
5457ac5accd97c3519bf6d16ead147a0db2ab0d0,trader/auto_trader_planner.go,2227,https://github.com/johnwick2921-cyber/nofx/blob/5457ac5accd97c3519bf6d16ead147a0db2ab0d0/trader/auto_trader_planner.go#L2227
5457ac5accd97c3519bf6d16ead147a0db2ab0d0,trader/auto_trader_planner.go,2311,https://github.com/johnwick2921-cyber/nofx/blob/5457ac5accd97c3519bf6d16ead147a0db2ab0d0/trader/auto_trader_planner.go#L2311
5457ac5accd97c3519bf6d16ead147a0db2ab0d0,trader/auto_trader_planner.go,2335,https://github.com/johnwick2921-cyber/nofx/blob/5457ac5accd97c3519bf6d16ead147a0db2ab0d0/trader/auto_trader_planner.go#L2335
5457ac5accd97c3519bf6d16ead147a0db2ab0d0,trader/auto_trader_planner.go,2341,https://github.com/johnwick2921-cyber/nofx/blob/5457ac5accd97c3519bf6d16ead147a0db2ab0d0/trader/auto_trader_planner.go#L2341
5457ac5accd97c3519bf6d16ead147a0db2ab0d0,trader/auto_trader_planner.go,2447,https://github.com/johnwick2921-cyber/nofx/blob/5457ac5accd97c3519bf6d16ead147a0db2ab0d0/trader/auto_trader_planner.go#L2447
5457ac5accd97c3519bf6d16ead147a0db2ab0d0,trader/auto_trader_planner.go,2627,https://github.com/johnwick2921-cyber/nofx/blob/5457ac5accd97c3519bf6d16ead147a0db2ab0d0/trader/auto_trader_planner.go#L2627
5457ac5accd97c3519bf6d16ead147a0db2ab0d0,trader/auto_trader_planner.go,2651,https://github.com/johnwick2921-cyber/nofx/blob/5457ac5accd97c3519bf6d16ead147a0db2ab0d0/trader/auto_trader_planner.go#L2651
5457ac5accd97c3519bf6d16ead147a0db2ab0d0,trader/auto_trader_planner.go,571,https://github.com/johnwick2921-cyber/nofx/blob/5457ac5accd97c3519bf6d16ead147a0db2ab0d0/trader/auto_trader_planner.go#L571
5457ac5accd97c3519bf6d16ead147a0db2ab0d0,trader/auto_trader_planner.go,604,https://github.com/johnwick2921-cyber/nofx/blob/5457ac5accd97c3519bf6d16ead147a0db2ab0d0/trader/auto_trader_planner.go#L604
5457ac5accd97c3519bf6d16ead147a0db2ab0d0,trader/auto_trader_planner.go,895,https://github.com/johnwick2921-cyber/nofx/blob/5457ac5accd97c3519bf6d16ead147a0db2ab0d0/trader/auto_trader_planner.go#L895
5457ac5accd97c3519bf6d16ead147a0db2ab0d0,trader/auto_trader_planner.go,907,https://github.com/johnwick2921-cyber/nofx/blob/5457ac5accd97c3519bf6d16ead147a0db2ab0d0/trader/auto_trader_planner.go#L907
5457ac5accd97c3519bf6d16ead147a0db2ab0d0,trader/entry_gate.go,184,https://github.com/johnwick2921-cyber/nofx/blob/5457ac5accd97c3519bf6d16ead147a0db2ab0d0/trader/entry_gate.go#L184
5457ac5accd97c3519bf6d16ead147a0db2ab0d0,trader/entry_gate.go,223,https://github.com/johnwick2921-cyber/nofx/blob/5457ac5accd97c3519bf6d16ead147a0db2ab0d0/trader/entry_gate.go#L223
5457ac5accd97c3519bf6d16ead147a0db2ab0d0,trader/invalidation_resolver.go,45,https://github.com/johnwick2921-cyber/nofx/blob/5457ac5accd97c3519bf6d16ead147a0db2ab0d0/trader/invalidation_resolver.go#L45
5457ac5accd97c3519bf6d16ead147a0db2ab0d0,trader/ninjatrader/bars_market_bridge.go,19,https://github.com/johnwick2921-cyber/nofx/blob/5457ac5accd97c3519bf6d16ead147a0db2ab0d0/trader/ninjatrader/bars_market_bridge.go#L19
5457ac5accd97c3519bf6d16ead147a0db2ab0d0,trader/ninjatrader/bars_market_bridge.go,27,https://github.com/johnwick2921-cyber/nofx/blob/5457ac5accd97c3519bf6d16ead147a0db2ab0d0/trader/ninjatrader/bars_market_bridge.go#L27
5457ac5accd97c3519bf6d16ead147a0db2ab0d0,trader/ninjatrader/tcp_trader.go,447,https://github.com/johnwick2921-cyber/nofx/blob/5457ac5accd97c3519bf6d16ead147a0db2ab0d0/trader/ninjatrader/tcp_trader.go#L447
5457ac5accd97c3519bf6d16ead147a0db2ab0d0,web/src/components/plan/ScenarioList.tsx,350,https://github.com/johnwick2921-cyber/nofx/blob/5457ac5accd97c3519bf6d16ead147a0db2ab0d0/web/src/components/plan/ScenarioList.tsx#L350
