id,trade_date,session,attempt,class,reject_reason
219,2026-09-20,ASIA,1,write_time_feasibility_no_provenance,write-time feasibility: S1 would be refused at arm — geometry: no_provenance (entry_zone_edges_or_provenance_unusable) — widen the stop past the min-SL floor / raise the arm R:R / pick a mapped level with an id / choose a different condition
220,2026-09-20,ASIA,2,write_time_feasibility_no_provenance,write-time feasibility: S1 would be refused at arm — geometry: no_provenance (entry_zone_edges_or_provenance_unusable) — widen the stop past the min-SL floor / raise the arm R:R / pick a mapped level with an id / choose a different condition
221,2026-09-20,ASIA,1,write_time_feasibility_rr,write-time feasibility: S2 would be refused at arm — geometry: rr (gain=3.5000 risk=4.5000 rr=0.777778 min=2.000000) — widen the stop past the min-SL floor / raise the arm R:R / pick a mapped level with an id / choose a different condition
222,2026-09-20,ASIA,2,write_time_feasibility_rr,write-time feasibility: S2 would be refused at arm — geometry: rr (gain=3.5000 risk=4.5000 rr=0.777778 min=2.000000) — widen the stop past the min-SL floor / raise the arm R:R / pick a mapped level with an id / choose a different condition
223,2026-09-20,ASIA,1,write_time_feasibility_no_provenance,write-time feasibility: S1 would be refused at arm — geometry: no_provenance (identity_not_valid_in_frozen_map) — widen the stop past the min-SL floor / raise the arm R:R / pick a mapped level with an id / choose a different condition
224,2026-09-20,ASIA,2,write_time_feasibility_no_provenance,write-time feasibility: S1 would be refused at arm — geometry: no_provenance (identity_not_valid_in_frozen_map) — widen the stop past the min-SL floor / raise the arm R:R / pick a mapped level with an id / choose a different condition
225,2026-09-20,ASIA,3,schema_field,arm on S1 needs exact entry/stop/target > 0 (got 0.00/0.00/0.00)
226,2026-09-20,ASIA,1,facts_gap_trigger,"gap-up at 30019.75 (> PDH 29993.50): the long scenario's trigger must reference a level ≥ current price (breakout/retest), not a dip back below"
227,2026-09-20,ASIA,2,write_time_feasibility_geometry,write-time feasibility: S1 would be refused at arm — geometry: invalid_geometry (risk=39.5000 gain=-30.0000 stop=29981.5000) — widen the stop past the min-SL floor / raise the arm R:R / pick a mapped level with an id / choose a different condition
228,2026-09-20,ASIA,3,schema_field,"scenario economics: S1: entry, protective stop and arm target required with nonzero risk"
229,2026-09-20,ASIA,1,facts_gap_trigger,"gap-up at 30036.00 (> PDH 29993.50): the long scenario's trigger must reference a level ≥ current price (breakout/retest), not a dip back below"
230,2026-09-20,ASIA,2,write_time_feasibility_no_provenance,write-time feasibility: S1 would be refused at arm — geometry: no_provenance (entry_zone_ambiguous) — widen the stop past the min-SL floor / raise the arm R:R / pick a mapped level with an id / choose a different condition
231,2026-09-20,ASIA,1,write_time_feasibility_rr,write-time feasibility: S1 would be refused at arm — geometry: rr (gain=9.7500 risk=12.5000 rr=0.780000 min=2.000000) — widen the stop past the min-SL floor / raise the arm R:R / pick a mapped level with an id / choose a different condition
232,2026-09-20,ASIA,2,write_time_feasibility_rr,write-time feasibility: S1 would be refused at arm — geometry: rr (gain=9.7500 risk=12.5000 rr=0.780000 min=2.000000) — widen the stop past the min-SL floor / raise the arm R:R / pick a mapped level with an id / choose a different condition
233,2026-09-20,ASIA,1,write_time_feasibility_no_provenance,write-time feasibility: S1 would be refused at arm — geometry: no_provenance (scenario_level_id_missing) — widen the stop past the min-SL floor / raise the arm R:R / pick a mapped level with an id / choose a different condition
234,2026-09-20,ASIA,2,write_time_feasibility_no_provenance,write-time feasibility: S1 would be refused at arm — geometry: no_provenance (identity_not_valid_in_frozen_map) — widen the stop past the min-SL floor / raise the arm R:R / pick a mapped level with an id / choose a different condition
235,2026-09-20,ASIA,1,write_time_feasibility_no_provenance,write-time feasibility: S1 would be refused at arm — geometry: no_provenance (entry_zone_ambiguous) — widen the stop past the min-SL floor / raise the arm R:R / pick a mapped level with an id / choose a different condition
236,2026-09-20,ASIA,2,write_time_feasibility_no_provenance,write-time feasibility: S1 would be refused at arm — geometry: no_provenance (entry_zone_ambiguous) — widen the stop past the min-SL floor / raise the arm R:R / pick a mapped level with an id / choose a different condition
237,2026-09-20,ASIA,1,facts_gap_trigger,"gap-up at 30098.00 (> PDH 29993.50): the long scenario's trigger must reference a level ≥ current price (breakout/retest), not a dip back below"
238,2026-09-20,ASIA,2,schema_field,S1 arm requires the breakdown{} facts object
239,2026-09-20,ASIA,1,schema_field,"scenario economics: S2: entry_zone requires positive [low, high]"
240,2026-09-20,ASIA,2,facts_gap_trigger,"gap-up at 30071.00 (> PDH 29993.50): the long scenario's trigger must reference a level ≥ current price (breakout/retest), not a dip back below"
241,2026-09-20,ASIA,3,born_dead,"born-dead authored scenario: S1: authored condition ""5m close below 30104.75."": 1 completed 5m close(s), last 30078.50 at 2026-09-20 21:40 CT, threshold 30104.75, invalidated=true"
242,2026-09-20,ASIA,1,facts_gap_trigger,"gap-up at 30090.25 (> PDH 29993.50): the long scenario's trigger must reference a level ≥ current price (breakout/retest), not a dip back below"
243,2026-09-20,ASIA,2,schema_field,S1 arm requires the breakdown{} facts object
244,2026-09-20,ASIA,1,write_time_feasibility_rr,write-time feasibility: S1 would be refused at arm — geometry: net_nonpositive (gain=1.0000 cost=2.0000 net=-1.0000); S2 would be refused at arm — geometry: rr (gain=12.5000 risk=8.5000 rr=1.470588 min=2.000000) — widen the stop past the min-SL floor / raise the arm R:R / pick a mapped level with an id / choose a different condition
245,2026-09-20,ASIA,2,write_time_feasibility_rr,write-time feasibility: S1 would be refused at arm — geometry: net_nonpositive (gain=1.0000 cost=2.0000 net=-1.0000); S2 would be refused at arm — geometry: rr (gain=12.5000 risk=8.5000 rr=1.470588 min=2.000000) — widen the stop past the min-SL floor / raise the arm R:R / pick a mapped level with an id / choose a different condition
246,2026-09-20,ASIA,1,write_time_feasibility_rr,write-time feasibility: S1 would be refused at arm — geometry: rr (gain=5.0000 risk=11.0000 rr=0.454545 min=2.000000) — widen the stop past the min-SL floor / raise the arm R:R / pick a mapped level with an id / choose a different condition
247,2026-09-20,ASIA,2,write_time_feasibility_rr,write-time feasibility: S1 would be refused at arm — geometry: rr (gain=5.0000 risk=11.0000 rr=0.454545 min=2.000000) — widen the stop past the min-SL floor / raise the arm R:R / pick a mapped level with an id / choose a different condition
248,2026-09-20,ASIA,1,facts_gap_trigger,"gap-up at 30114.00 (> PDH 29993.50): the long scenario's trigger must reference a level ≥ current price (breakout/retest), not a dip back below"
249,2026-09-20,ASIA,2,entry_policy_shape,sweep_reclaim arm on S1 requires wait_confirm:true (the retrace arm must chain on its confirm)
250,2026-09-20,ASIA,3,entry_policy_shape,arm on S1 split requires confirm=touch at the sweep ref (leg 1 rests AT the level)
251,2026-09-21,LONDON,1,facts_gap_trigger,"gap-up at 30107.50 (> PDH 29993.50): the long scenario's trigger must reference a level ≥ current price (breakout/retest), not a dip back below"
252,2026-09-21,LONDON,2,write_time_feasibility_no_provenance,write-time feasibility: S1 would be refused at arm — quality C below min_scenario_quality B; S2 would be refused at arm — geometry: no_provenance (entry_zone_edges_or_provenance_unusable) — widen the stop past the min-SL floor / raise the arm R:R / pick a mapped level with an id / choose a different condition
253,2026-09-21,LONDON,1,write_time_feasibility_rr,write-time feasibility: S1 would be refused at arm — geometry: rr (gain=3.0000 risk=4.5000 rr=0.666667 min=2.000000) — widen the stop past the min-SL floor / raise the arm R:R / pick a mapped level with an id / choose a different condition
254,2026-09-21,LONDON,2,write_time_feasibility_rr,"write-time feasibility: S1 would be refused at arm — geometry: rr (gain=3.0000 risk=4.5000 rr=0.666667 min=2.000000); S2 reclaim trigger 30165.25 is already below price 30165.50: a stop entry there fills at market on placement — author the trigger ahead of price, or author a reject/limit at the level — widen the stop past the min-SL floor / raise the arm R:R / pick a mapped level with an id / choose a different condition"
255,2026-09-21,LONDON,1,write_time_feasibility_no_provenance,write-time feasibility: S1 would be refused at arm — geometry: no_provenance (entry_zone_edges_or_provenance_unusable); S2 would be refused at arm — geometry: no_provenance (entry_zone_ambiguous) — widen the stop past the min-SL floor / raise the arm R:R / pick a mapped level with an id / choose a different condition
256,2026-09-21,LONDON,2,write_time_feasibility_no_provenance,write-time feasibility: S1 would be refused at arm — geometry: no_provenance (entry_zone_edges_or_provenance_unusable); S2 would be refused at arm — geometry: no_provenance (entry_zone_ambiguous) — widen the stop past the min-SL floor / raise the arm R:R / pick a mapped level with an id / choose a different condition
257,2026-09-21,LONDON,1,facts_gap_trigger,"gap-up at 30230.75 (> PDH 29993.50): the long scenario's trigger must reference a level ≥ current price (breakout/retest), not a dip back below"
258,2026-09-21,LONDON,2,entry_policy_shape,S1 arm requires entry_mode=pullback (immediate-mode entries are AI-path only)
259,2026-09-21,LONDON,3,breakdown_tape,"S1 breakup_continue: measured displacement 12.50 pts < BD_MIN_DISP_ATR 1.0×ATR5m (16.2 pts) — not a displacement move, author a normal `reject` play instead (do NOT combine condition names; `reject_retest` is not a valid condition)"
260,2026-09-21,LONDON,1,facts_gap_trigger,"gap-up at 30245.25 (> PDH 29993.50): the long scenario's trigger must reference a level ≥ current price (breakout/retest), not a dip back below"
261,2026-09-21,LONDON,2,entry_policy_shape,"arm enabled on non-armable condition ""breakout_retest"" (fvg_entry | reject | breakdown_continue | breakup_continue; sweep_reclaim via wait_confirm; breakout_retest is a normal AI play and never arms — GAR-F4)"
262,2026-09-21,LONDON,1,facts_gap_trigger,"gap-up at 30246.75 (> PDH 29993.50): the long scenario's trigger must reference a level ≥ current price (breakout/retest), not a dip back below"
263,2026-09-21,LONDON,2,schema_field,S1 arm requires the breakdown{} facts object
264,2026-09-21,LONDON,1,facts_gap_trigger,"gap-up at 30255.50 (> PDH 29993.50): the long scenario's trigger must reference a level ≥ current price (breakout/retest), not a dip back below"
265,2026-09-21,LONDON,2,write_time_feasibility_no_provenance,write-time feasibility: S1 would be refused at arm — geometry: no_provenance (entry_zone_edges_or_provenance_unusable) — widen the stop past the min-SL floor / raise the arm R:R / pick a mapped level with an id / choose a different condition
266,2026-09-21,LONDON,1,write_time_feasibility_rr,"write-time feasibility: S1 would be refused at arm — geometry: rr (gain=14.7500 risk=8.2500 rr=1.787879 min=2.000000); S2 reclaim trigger 30223.75 is already below price 30227.75: a stop entry there fills at market on placement — author the trigger ahead of price, or author a reject/limit at the level — widen the stop past the min-SL floor / raise the arm R:R / pick a mapped level with an id / choose a different condition"
267,2026-09-21,LONDON,2,write_time_feasibility_rr,"write-time feasibility: S1 would be refused at arm — geometry: rr (gain=14.7500 risk=8.2500 rr=1.787879 min=2.000000); S2 reclaim trigger 30228.75 is already below price 30237.25: a stop entry there fills at market on placement — author the trigger ahead of price, or author a reject/limit at the level — widen the stop past the min-SL floor / raise the arm R:R / pick a mapped level with an id / choose a different condition"
268,2026-09-21,LONDON,1,facts_gap_trigger,"gap-up at 30246.25 (> PDH 29993.50): the long scenario's trigger must reference a level ≥ current price (breakout/retest), not a dip back below"
269,2026-09-21,LONDON,2,entry_policy_shape,"arm enabled on non-armable condition ""breakout_retest"" (fvg_entry | reject | breakdown_continue | breakup_continue; sweep_reclaim via wait_confirm; breakout_retest is a normal AI play and never arms — GAR-F4)"
270,2026-09-21,LONDON,1,facts_gap_trigger,"gap-up at 30233.00 (> PDH 29993.50): the long scenario's trigger must reference a level ≥ current price (breakout/retest), not a dip back below"
271,2026-09-21,LONDON,2,write_time_feasibility_rr,write-time feasibility: S1 would be refused at arm — geometry: rr (gain=8.5000 risk=12.7500 rr=0.666667 min=2.000000) — widen the stop past the min-SL floor / raise the arm R:R / pick a mapped level with an id / choose a different condition
272,2026-09-21,NY,1,facts_gap_trigger,price 30223.25 is ABOVE PDH 29993.50 (gap-up) — the plan MUST include a LONG-direction scenario (ANY legal condition)
273,2026-09-21,NY,2,schema_field,S2 arm requires the breakdown{} facts object
274,2026-09-21,NY,3,facts_gap_trigger,"gap-up at 30223.25 (> PDH 29993.50): the long scenario's trigger must reference a level ≥ current price (breakout/retest), not a dip back below"
275,2026-09-21,NY,1,schema_field,"scenario economics: S2: entry_zone requires positive [low, high]"
276,2026-09-21,NY,2,facts_gap_trigger,"gap-up at 30340.00 (> PDH 29993.50): the long scenario's trigger must reference a level ≥ current price (breakout/retest), not a dip back below"
277,2026-09-21,NY,3,schema_field,S2 breakup_continue requires the breakdown{} facts object (level + entry_mode)
278,2026-09-21,ASIA,1,schema_field,"scenario economics: S2: entry_zone requires positive [low, high]"
279,2026-09-21,ASIA,1,write_time_feasibility_rr,write-time feasibility: S1 would be refused at arm — geometry: no_provenance (entry_zone_edges_or_provenance_unusable); S2 would be refused at arm — geometry: rr (gain=6.2500 risk=4.7500 rr=1.315789 min=2.000000) — widen the stop past the min-SL floor / raise the arm R:R / pick a mapped level with an id / choose a different condition
280,2026-09-22,LONDON,1,write_time_feasibility_no_provenance,write-time feasibility: S1 would be refused at arm — geometry: no_provenance (entry_zone_edges_or_provenance_unusable); S2 would be refused at arm — geometry: no_provenance (entry_zone_edges_or_provenance_unusable) — widen the stop past the min-SL floor / raise the arm R:R / pick a mapped level with an id / choose a different condition
281,2026-09-21,ASIA,2,write_time_feasibility_rr,write-time feasibility: S1 would be refused at arm — geometry: no_provenance (entry_zone_edges_or_provenance_unusable); S2 would be refused at arm — geometry: rr (gain=6.2500 risk=4.7500 rr=1.315789 min=2.000000) — widen the stop past the min-SL floor / raise the arm R:R / pick a mapped level with an id / choose a different condition
282,2026-09-22,LONDON,2,write_time_feasibility_no_provenance,write-time feasibility: S1 would be refused at arm — geometry: no_provenance (identity_not_valid_in_frozen_map); S2 would be refused at arm — geometry: no_provenance (identity_not_valid_in_frozen_map) — widen the stop past the min-SL floor / raise the arm R:R / pick a mapped level with an id / choose a different condition
283,2026-09-22,LONDON,1,entry_policy_shape,"S2 breakdown_continue: the tape shows NO confirming close beyond 30766.00 yet (1 confirming close(s) needed — BD_MIN_CLOSES, displacement + reclaim-check unchanged) — author it only after the displacement exists (or set entry_mode=immediate and accept the confirming-close trigger)"
284,2026-09-22,LONDON,2,entry_policy_shape,S2 arm requires entry_mode=pullback (immediate-mode entries are AI-path only)
285,2026-09-22,NY,1,entry_policy_shape,"scenario[2].confirm2.rule ""1m_mss"" not allowed for breakdown_continue — entry law: 1 confirming close + displacement ≥ BD_MIN_DISP_ATR×ATR5m OR stop-entry (E7); 2x5m_close legal ONLY here"
286,2026-09-22,NY,2,entry_policy_shape,"S3 breakdown_continue: the tape shows NO confirming close beyond 30671.00 yet (1 confirming close(s) needed — BD_MIN_CLOSES, displacement + reclaim-check unchanged) — author it only after the displacement exists (or set entry_mode=immediate and accept the confirming-close trigger)"
287,2026-09-22,NY,3,entry_policy_shape,S3 arm requires entry_mode=pullback (immediate-mode entries are AI-path only)
288,2026-09-22,LONDON,1,write_time_feasibility_no_provenance,write-time feasibility: S1 would be refused at arm — geometry: no_provenance (entry_zone_edges_or_provenance_unusable); S3 would be refused at arm — geometry: no_provenance (entry_zone_edges_or_provenance_unusable) — widen the stop past the min-SL floor / raise the arm R:R / pick a mapped level with an id / choose a different condition
289,2026-09-22,LONDON,2,write_time_feasibility_no_provenance,write-time feasibility: S1 would be refused at arm — geometry: no_provenance (entry_zone_edges_or_provenance_unusable); S3 would be refused at arm — geometry: no_provenance (entry_zone_edges_or_provenance_unusable) — widen the stop past the min-SL floor / raise the arm R:R / pick a mapped level with an id / choose a different condition
290,2026-09-22,NY,1,facts_gap_trigger,"gap-up at 30934.50 (> PDH 30917.50): the long scenario's trigger must reference a level ≥ current price (breakout/retest), not a dip back below"
291,2026-09-22,NY,2,born_dead,"born-dead authored scenario: S2: authored condition ""5m close below 30987.18 invalidates the breakout."": 1 completed 5m close(s), last 30941.50 at 2026-09-22 08:55 CT, threshold 30987.18, invalidated=true"
292,2026-09-22,NY,1,write_time_feasibility_rr,write-time feasibility: S2 would be refused at arm — geometry: no_provenance (scenario_level_id_missing); S3 would be refused at arm — geometry: rr (gain=2.2500 risk=4.5000 rr=0.500000 min=2.000000) — widen the stop past the min-SL floor / raise the arm R:R / pick a mapped level with an id / choose a different condition
293,2026-09-22,NY,2,write_time_feasibility_no_provenance,write-time feasibility: S2 would be refused at arm — geometry: no_provenance (entry_zone_edges_or_provenance_unusable) — widen the stop past the min-SL floor / raise the arm R:R / pick a mapped level with an id / choose a different condition
294,2026-09-22,NY,1,write_time_feasibility_no_provenance,write-time feasibility: S1 would be refused at arm — geometry: no_provenance (entry_zone_edges_or_provenance_unusable) — widen the stop past the min-SL floor / raise the arm R:R / pick a mapped level with an id / choose a different condition
295,2026-09-22,NY,2,write_time_feasibility_no_provenance,write-time feasibility: S1 would be refused at arm — geometry: no_provenance (entry_zone_edges_or_provenance_unusable) — widen the stop past the min-SL floor / raise the arm R:R / pick a mapped level with an id / choose a different condition
296,2026-09-22,NY,3,schema_field,scenario economics: S1: implied_r r_to_obstacle stated 1.094400 disagrees with geometry 2.585302 (entry 30917.50 stop 30936.55; tolerance 0.25 price points)
297,2026-09-22,NY,1,schema_field,"scenario economics: S2: entry_zone requires positive [low, high]"
298,2026-09-22,NY,2,flip_bias,"prior plan flip already fired → bias short is MANDATORY, got ""long"" — the flip cannot be re-written away"
299,2026-09-22,NY,3,facts_gap_trigger,"gap-up at 30920.00 (> PDH 30917.50): the long scenario's trigger must reference a level ≥ current price (breakout/retest), not a dip back below"
300,2026-09-22,NY,1,facts_gap_trigger,"gap-up at 30920.00 (> PDH 30917.50): the long scenario's trigger must reference a level ≥ current price (breakout/retest), not a dip back below"
301,2026-09-22,NY,2,entry_policy_shape,scenario[1].confirm.ref_price 30917.50 does not match any number in the trigger/invalid prose (object and prose must agree)
302,2026-09-22,NY,1,facts_gap_trigger,"gap-up at 30933.25 (> PDH 30917.50): the long scenario's trigger must reference a level ≥ current price (breakout/retest), not a dip back below"
303,2026-09-22,NY,2,schema_field,S1 arm requires the breakdown{} facts object
304,2026-09-22,ASIA,1,facts_gap_trigger,"gap-up at 31002.50 (> PDH 30917.50): the long scenario's trigger must reference a level ≥ current price (breakout/retest), not a dip back below"
305,2026-09-22,ASIA,2,write_time_feasibility_net,write-time feasibility: S1 would be refused at arm — geometry: net_nonpositive (gain=2.0000 cost=2.0000 net=0.0000) — widen the stop past the min-SL floor / raise the arm R:R / pick a mapped level with an id / choose a different condition
306,2026-09-22,ASIA,1,facts_gap_trigger,"gap-up at 31028.25 (> PDH 30917.50): the long scenario's trigger must reference a level ≥ current price (breakout/retest), not a dip back below"
307,2026-09-22,ASIA,2,write_time_feasibility_other,write-time feasibility: S1 would be refused at arm — R:R 0.72 below arm min 2.00 (studio min_risk_reward_ratio) — widen the stop past the min-SL floor / raise the arm R:R / pick a mapped level with an id / choose a different condition
308,2026-09-22,ASIA,1,write_time_feasibility_no_provenance,write-time feasibility: S2 would be refused at arm — geometry: net_nonpositive (gain=1.5000 cost=2.0000 net=-0.5000); S3 would be refused at arm — geometry: no_provenance (entry_zone_ambiguous) — widen the stop past the min-SL floor / raise the arm R:R / pick a mapped level with an id / choose a different condition
309,2026-09-22,ASIA,2,write_time_feasibility_no_provenance,write-time feasibility: S2 would be refused at arm — geometry: net_nonpositive (gain=1.5000 cost=2.0000 net=-0.5000); S3 would be refused at arm — geometry: no_provenance (identity_not_valid_in_frozen_map) — widen the stop past the min-SL floor / raise the arm R:R / pick a mapped level with an id / choose a different condition
310,2026-09-23,LONDON,1,breakdown_tape,S2 breakdown_continue: a close came back across 31066.32 — the breakdown is void; author a `reject` play instead (do NOT combine condition names; `reject_retest` is not a valid condition)
311,2026-09-23,LONDON,2,write_time_feasibility_no_provenance,write-time feasibility: S1 would be refused at arm — geometry: no_provenance (entry_zone_edges_or_provenance_unusable); S2 would be refused at arm — geometry: no_provenance (entry_zone_edges_or_provenance_unusable) — widen the stop past the min-SL floor / raise the arm R:R / pick a mapped level with an id / choose a different condition
312,2026-09-23,LONDON,1,api_402,"API error (status 402): {""error"":{""message"":""Insufficient Balance"",""type"":""unknown_error"",""param"":null,""code"":""invalid_request_error""}}"
313,2026-09-23,LONDON,2,api_402,"API error (status 402): {""error"":{""message"":""Insufficient Balance"",""type"":""unknown_error"",""param"":null,""code"":""invalid_request_error""}}"
314,2026-09-23,LONDON,3,api_402,"API error (status 402): {""error"":{""message"":""Insufficient Balance"",""type"":""unknown_error"",""param"":null,""code"":""invalid_request_error""}}"
315,2026-09-23,LONDON,1,write_time_feasibility_rr,write-time feasibility: S1 would be refused at arm — geometry: net_nonpositive (gain=0.7500 cost=2.0000 net=-1.2500); S2 would be refused at arm — geometry: rr (gain=6.2500 risk=4.7500 rr=1.315789 min=2.000000); S3 would be refused at arm — geometry: no_provenance (entry_zone_ambiguous) — widen the stop past the min-SL floor / raise the arm R:R / pick a mapped level with an id / choose a different condition
316,2026-09-23,LONDON,2,write_time_feasibility_rr,write-time feasibility: S1 would be refused at arm — geometry: net_nonpositive (gain=0.7500 cost=2.0000 net=-1.2500); S2 would be refused at arm — geometry: rr (gain=6.2500 risk=4.7500 rr=1.315789 min=2.000000); S3 would be refused at arm — geometry: no_provenance (entry_zone_ambiguous) — widen the stop past the min-SL floor / raise the arm R:R / pick a mapped level with an id / choose a different condition
317,2026-09-23,NY,1,write_time_feasibility_rr,write-time feasibility: S1 would be refused at arm — geometry: rr (gain=17.2500 risk=9.2500 rr=1.864865 min=2.000000); S2 would be refused at arm — geometry: no_provenance (entry_zone_edges_or_provenance_unusable); S3 would be refused at arm — geometry: no_provenance (entry_zone_ambiguous) — widen the stop past the min-SL floor / raise the arm R:R / pick a mapped level with an id / choose a different condition
318,2026-09-23,LONDON,3,entry_policy_shape,"arm enabled on non-armable condition ""hold"" (fvg_entry | reject | breakdown_continue | breakup_continue; sweep_reclaim via wait_confirm; breakout_retest is a normal AI play and never arms — GAR-F4)"
319,2026-09-23,NY,2,write_time_feasibility_rr,write-time feasibility: S1 would be refused at arm — geometry: rr (gain=17.2500 risk=9.2500 rr=1.864865 min=2.000000); S2 would be refused at arm — geometry: no_provenance (entry_zone_edges_or_provenance_unusable); S3 would be refused at arm — geometry: no_provenance (entry_zone_ambiguous) — widen the stop past the min-SL floor / raise the arm R:R / pick a mapped level with an id / choose a different condition
320,2026-09-23,NY,3,born_dead,"born-dead authored scenario: S1: authored condition ""5m close above 30975.75 invalidates the fade."": 1 completed 5m close(s), last 31005.75 at 2026-09-23 08:30 CT, threshold 30975.75, invalidated=true"
321,2026-09-23,NY,1,write_time_feasibility_no_provenance,write-time feasibility: S2 would be refused at arm — geometry: no_provenance (entry_zone_ambiguous) — widen the stop past the min-SL floor / raise the arm R:R / pick a mapped level with an id / choose a different condition
322,2026-09-23,NY,2,write_time_feasibility_no_provenance,write-time feasibility: S2 would be refused at arm — geometry: no_provenance (identity_not_valid_in_frozen_map) — widen the stop past the min-SL floor / raise the arm R:R / pick a mapped level with an id / choose a different condition
323,2026-09-23,NY,1,write_time_feasibility_no_provenance,write-time feasibility: S1 would be refused at arm — geometry: no_provenance (scenario_level_id_missing) — widen the stop past the min-SL floor / raise the arm R:R / pick a mapped level with an id / choose a different condition
324,2026-09-23,NY,2,write_time_feasibility_no_provenance,write-time feasibility: S1 would be refused at arm — geometry: no_provenance (identity_not_valid_in_frozen_map) — widen the stop past the min-SL floor / raise the arm R:R / pick a mapped level with an id / choose a different condition
325,2026-09-23,NY,1,write_time_feasibility_rr,write-time feasibility: S2 would be refused at arm — geometry: rr (gain=24.7500 risk=26.5000 rr=0.933962 min=2.000000) — widen the stop past the min-SL floor / raise the arm R:R / pick a mapped level with an id / choose a different condition
326,2026-09-23,NY,2,write_time_feasibility_rr,write-time feasibility: S2 would be refused at arm — geometry: rr (gain=24.7500 risk=26.5000 rr=0.933962 min=2.000000) — widen the stop past the min-SL floor / raise the arm R:R / pick a mapped level with an id / choose a different condition
327,2026-09-23,NY,1,write_time_feasibility_no_provenance,write-time feasibility: S1 would be refused at arm — geometry: no_provenance (entry_zone_ambiguous); S2 would be refused at arm — quality C below min_scenario_quality B — widen the stop past the min-SL floor / raise the arm R:R / pick a mapped level with an id / choose a different condition
328,2026-09-23,NY,2,write_time_feasibility_no_provenance,write-time feasibility: S1 would be refused at arm — geometry: no_provenance (identity_not_valid_in_frozen_map) — widen the stop past the min-SL floor / raise the arm R:R / pick a mapped level with an id / choose a different condition
329,2026-09-23,NY,1,write_time_feasibility_rr,write-time feasibility: S1 would be refused at arm — quality C below min_scenario_quality B; S2 would be refused at arm — geometry: rr (gain=6.0000 risk=4.5000 rr=1.333333 min=2.000000) — widen the stop past the min-SL floor / raise the arm R:R / pick a mapped level with an id / choose a different condition
330,2026-09-23,NY,2,write_time_feasibility_rr,write-time feasibility: S2 would be refused at arm — geometry: rr (gain=6.0000 risk=4.5000 rr=1.333333 min=2.000000) — widen the stop past the min-SL floor / raise the arm R:R / pick a mapped level with an id / choose a different condition
331,2026-09-23,NY,1,write_time_feasibility_no_provenance,write-time feasibility: S1 would be refused at arm — geometry: no_provenance (entry_zone_edges_or_provenance_unusable) — widen the stop past the min-SL floor / raise the arm R:R / pick a mapped level with an id / choose a different condition
332,2026-09-23,NY,2,write_time_feasibility_no_provenance,write-time feasibility: S1 would be refused at arm — geometry: no_provenance (entry_zone_edges_or_provenance_unusable) — widen the stop past the min-SL floor / raise the arm R:R / pick a mapped level with an id / choose a different condition
333,2026-09-23,NY,1,write_time_feasibility_rr,write-time feasibility: S1 would be refused at arm — geometry: rr (gain=7.7500 risk=4.5000 rr=1.722222 min=2.000000) — widen the stop past the min-SL floor / raise the arm R:R / pick a mapped level with an id / choose a different condition
334,2026-09-23,NY,2,write_time_feasibility_rr,write-time feasibility: S1 would be refused at arm — geometry: rr (gain=7.7500 risk=4.5000 rr=1.722222 min=2.000000) — widen the stop past the min-SL floor / raise the arm R:R / pick a mapped level with an id / choose a different condition
335,2026-09-23,NY,3,schema_field,scenario economics: S1: target_path arm target 31013.00 absent from path [30751.25 30769.75 30911.25 30944.75] within 0.25; name target_path_exception
336,2026-09-23,NY,1,write_time_feasibility_no_provenance,write-time feasibility: S2 would be refused at arm — geometry: no_provenance (entry_zone_ambiguous) — widen the stop past the min-SL floor / raise the arm R:R / pick a mapped level with an id / choose a different condition
337,2026-09-23,ASIA,1,write_time_feasibility_no_provenance,write-time feasibility: S1 would be refused at arm — geometry: no_provenance (entry_zone_edges_or_provenance_unusable) — widen the stop past the min-SL floor / raise the arm R:R / pick a mapped level with an id / choose a different condition
338,2026-09-23,ASIA,2,write_time_feasibility_no_provenance,write-time feasibility: S1 would be refused at arm — geometry: no_provenance (entry_zone_edges_or_provenance_unusable) — widen the stop past the min-SL floor / raise the arm R:R / pick a mapped level with an id / choose a different condition
339,2026-09-23,ASIA,1,born_dead,"born-dead authored scenario: S1: authored condition ""2x5m close below 30791.75"" breached between read 2026-09-23 19:00 CT and publish 2026-09-23 19:07 CT: 2× 5m close(s) 30753.50 (19:00 CT), 30755.00 (19:05 CT) beyond threshold 30791.75 (1 group(s) judged)"
340,2026-09-23,ASIA,2,write_time_feasibility_rr,write-time feasibility: S2 would be refused at arm — geometry: no_provenance (entry_zone_edges_or_provenance_unusable); S3 would be refused at arm — geometry: rr (gain=8.0000 risk=10.2500 rr=0.780488 min=2.000000) — widen the stop past the min-SL floor / raise the arm R:R / pick a mapped level with an id / choose a different condition
341,2026-09-23,ASIA,3,flip_bias,plan flip{below 30735.25 5m_close → short} met between read 2026-09-23 19:00 CT and publish 2026-09-23 19:16 CT: 5m close(s) 30728.50 (19:15 CT) — the flip already fired before publication; re-author on the flipped side
342,2026-09-23,ASIA,1,write_time_feasibility_net,write-time feasibility: S2 would be refused at arm — geometry: net_nonpositive (gain=2.0000 cost=2.0000 net=0.0000) — widen the stop past the min-SL floor / raise the arm R:R / pick a mapped level with an id / choose a different condition
343,2026-09-23,ASIA,2,write_time_feasibility_net,write-time feasibility: S2 would be refused at arm — geometry: net_nonpositive (gain=2.0000 cost=2.0000 net=0.0000) — widen the stop past the min-SL floor / raise the arm R:R / pick a mapped level with an id / choose a different condition
344,2026-09-23,ASIA,1,born_dead,"born-dead authored scenario: S2: authored condition ""5m close below 30757.95"" breached between read 2026-09-23 20:00 CT and publish 2026-09-23 20:08 CT: 1× 5m close(s) 30742.25 (20:05 CT) beyond threshold 30757.95 (1 group(s) judged)"
345,2026-09-23,ASIA,1,born_dead,"born-dead authored scenario: S2: authored condition ""5m close below 30781.40"" breached between read 2026-09-23 20:41 CT and publish 2026-09-23 20:52 CT: 1× 5m close(s) 30735.25 (20:45 CT) beyond threshold 30781.40 (2 group(s) judged) · plan flip{below 30728.58 5m_close → short} met between read 2026-09-23 20:41 CT and publish 2026-09-23 20:52 CT: 5m close(s) 30728.00 (20:50 CT) — the flip already fired before publication; re-author on the flipped side"
346,2026-09-23,ASIA,2,entry_policy_shape,"scenario[0].confirm.side ""at"" invalid (above|below)"
347,2026-09-23,ASIA,1,write_time_feasibility_rr,write-time feasibility: S1 would be refused at arm — geometry: rr (gain=6.5000 risk=4.5000 rr=1.444444 min=2.000000) — widen the stop past the min-SL floor / raise the arm R:R / pick a mapped level with an id / choose a different condition
348,2026-09-23,ASIA,2,identity_unresolved,"S1 identity unresolved: level_id ""ref|64e783f826d26eeabf7715cbeb4d8d11e7aa3afe79f244692c103ce2dff4c5bd"" is not in the frozen map (no map row carries it) — copy the id of the level this scenario trades from the map exactly, or null when that row's id is NULL"
349,2026-09-23,ASIA,1,born_dead,"born-dead authored scenario: S2: authored condition ""5m close below 30680.25"" breached between read 2026-09-23 22:57 CT and publish 2026-09-23 23:09 CT: 1× 5m close(s) 30665.00 (23:05 CT) beyond threshold 30680.25 (2 group(s) judged) · plan flip{below 30687.75 5m_close → short} met between read 2026-09-23 22:57 CT and publish 2026-09-23 23:09 CT: 5m close(s) 30665.00 (23:05 CT) — the flip already fired before publication; re-author on the flipped side"
350,2026-09-23,ASIA,2,write_time_feasibility_no_provenance,write-time feasibility: S1 would be refused at arm — geometry: no_provenance (entry_zone_edges_or_provenance_unusable); S2 would be refused at arm — geometry: no_provenance (entry_zone_ambiguous); S3 would be refused at arm — geometry: no_provenance (entry_zone_edges_or_provenance_unusable) — widen the stop past the min-SL floor / raise the arm R:R / pick a mapped level with an id / choose a different condition
351,2026-09-23,ASIA,3,obstacle_chain,S1 obstacle chain: first_obstacle 30687.75 is not the nearest seated level on the path — SWG-L·15m 30703.50 (55.67 pts from entry 30647.83) comes first | S2 obstacle chain: no seated level lies between entry 30703.50 and target 30647.83 — first_obstacle must be the arm target 30647.83 (got 30687.75) | S3 obstacle chain: first_obstacle 30771.50 is not the nearest seated level on the path — SWG-H·5m 30760.75 (38.32 pts from entry 30799.07) comes first
352,2026-09-23,ASIA,1,schema_field,"scenario economics: S2: entry, protective stop and arm target required with nonzero risk"
353,2026-09-23,ASIA,2,born_dead,"born-dead authored scenario: S1: authored condition ""2x5m close below 30715.00"" breached between read 2026-09-23 23:27 CT and publish 2026-09-23 23:33 CT: 2× 5m close(s) 30659.00 (23:25 CT), 30675.75 (23:30 CT) beyond threshold 30715.00 (1 group(s) judged)"
354,2026-09-23,ASIA,3,obstacle_chain,"S1 identity unresolved: level_id ""a285e1507c6de6d2fb1e64a4992df2c70d8bb9ba640729d6ac212189c84f87b"" is not in the frozen map (no map row carries it) — copy the id of the level this scenario trades from the map exactly, or null when that row's id is NULL | S2 obstacle chain: no seated level lies between entry 30814.25 and target 30747.75 — first_obstacle must be the arm target 30747.75 (got 30769.75)"
355,2026-09-24,LONDON,1,entry_policy_shape,arm on S1 leg 2: entry policy planned_order is legal on sweep_reclaim leg 0 only (this is leg 1)
356,2026-09-24,LONDON,2,other,"arm on S1 needs EXACTLY 2 legs (split contract), got 1"
357,2026-09-24,NY,1,facts_gap_trigger,"gap-down at 30495.50 (< PDL 30640.25): the short scenario's trigger must reference a level ≤ current price (breakdown/retest), not a rally back above"
358,2026-09-24,NY,2,schema_field,S2 breakdown_continue requires the breakdown{} facts object (level + entry_mode)
359,2026-09-24,NY,3,json_unmarshal,plan JSON unmarshal: json: cannot unmarshal string into Go struct field PlanBreakdownContinue.scenarios.breakdown.level of type float64
360,2026-09-24,NY,1,facts_gap_trigger,"gap-down at 30592.25 (< PDL 30640.25): the short scenario's trigger must reference a level ≤ current price (breakdown/retest), not a rally back above"
361,2026-09-24,NY,2,entry_policy_shape,"arm on S1: entry policy planned_order is not legal on breakdown_continue (planned_order is for reject, fvg_entry and sweep_reclaim leg 0; use market_in_zone)"
362,2026-09-24,NY,3,entry_policy_shape,"S1 breakdown_continue: the tape shows NO confirming close beyond 30439.50 yet (1 confirming close(s) needed — rule 1x5m_close [stored], displacement + reclaim-check unchanged) — author it only after the displacement exists (or set entry_mode=immediate and accept the confirming-close trigger)"
363,2026-09-24,NY,1,facts_gap_trigger,"gap-down at 30630.50 (< PDL 30640.25): the short scenario's trigger must reference a level ≤ current price (breakdown/retest), not a rally back above"
364,2026-09-24,NY,2,entry_policy_shape,"arm on S2: entry policy planned_order is not legal on breakdown_continue (planned_order is for reject, fvg_entry and sweep_reclaim leg 0; use market_in_zone)"
365,2026-09-24,NY,3,born_dead,"born-dead authored scenario: S3: authored condition ""5m close below 30626.40"" breached between read 2026-09-24 09:35 CT and publish 2026-09-24 09:59 CT: 1× 5m close(s) 30607.50 (09:40 CT) beyond threshold 30626.40 (4 group(s) judged)"
366,2026-09-24,NY,1,other,"scenario S1 fvg: displacement body 74.5 < 1.5×ATR5m (50.1) — weak impulse, not a displacement"
367,2026-09-24,NY,2,obstacle_chain,S3 obstacle chain: omits SWG-H·15m 30644.25 (273.50 pts from entry) — list every seated level between entry 30370.75 and target 30686.50 in economics.path_levels with a role (pass_through|reduce|exit)
368,2026-09-24,ASIA,1,write_time_feasibility_other,write-time feasibility: S2 would be refused at arm — market_in_zone at the zone's far edge 30820.00 (stop 30769.75 composed from the near edge): quality C below min_scenario_quality B — widen the stop past the min-SL floor / raise the arm R:R / pick a mapped level with an id / choose a different condition
369,2026-09-24,ASIA,2,write_time_feasibility_other,write-time feasibility: S2 would be refused at arm — market_in_zone at the zone's far edge 30820.00 (stop 30686.50 composed from the near edge): R:R 1.45 below arm min 2.00 (studio min_risk_reward_ratio) — widen the stop past the min-SL floor / raise the arm R:R / pick a mapped level with an id / choose a different condition
370,2026-09-24,ASIA,1,write_time_feasibility_rr,write-time feasibility: S1 would be refused at arm — geometry: rr (gain=2.5000 risk=4.5000 rr=0.555556 min=2.000000); S2 would be refused at arm — geometry: rr (gain=6.0000 risk=4.5000 rr=1.333333 min=2.000000) — widen the stop past the min-SL floor / raise the arm R:R / pick a mapped level with an id / choose a different condition
371,2026-09-24,ASIA,2,obstacle_chain,"S1 obstacle chain: omits ONH 30759.75 (119.50 pts from entry), RTH-H 31013.00 (372.75 pts from entry) — list every seated level between entry 30640.25 and target 31033.00 in economics.path_levels with a role (pass_through|reduce|exit) | S2 obstacle chain: omits POC 30745.75 (267.25 pts from entry), VWAP 30734.75 (278.25 pts from entry), VWAP−1σ 30724.75 (288.25 pts from entry), ONL 30709.00 (304.00 pts from entry), PDC 30686.50 (326.50 pts from entry), RTH-L 30640.25 (372.75 pts from entry), OB(bull)·1h 30588.50 (424.50 pts from entry) — list every seated level between entry 31013.00 and target 30551.00 in economics.path_levels with a role (pass_through|reduce|exit)"
372,2026-09-24,ASIA,1,write_time_feasibility_no_provenance,write-time feasibility: S2 would be refused at arm — geometry: no_provenance (entry_zone_edges_or_provenance_unusable) — widen the stop past the min-SL floor / raise the arm R:R / pick a mapped level with an id / choose a different condition
373,2026-09-24,ASIA,2,write_time_feasibility_no_provenance,write-time feasibility: S2 would be refused at arm — geometry: no_provenance (entry_zone_edges_or_provenance_unusable) — widen the stop past the min-SL floor / raise the arm R:R / pick a mapped level with an id / choose a different condition
374,2026-09-24,ASIA,1,write_time_feasibility_net,write-time feasibility: S1 would be refused at arm — geometry: net_nonpositive (gain=1.2500 cost=2.0000 net=-0.7500) — widen the stop past the min-SL floor / raise the arm R:R / pick a mapped level with an id / choose a different condition
375,2026-09-24,ASIA,2,obstacle_chain,S1 obstacle chain: omits RTH-L 30640.25 (68.98 pts from entry) — list every seated level between entry 30709.23 and target 30588.50 in economics.path_levels with a role (pass_through|reduce|exit)
376,2026-09-24,ASIA,1,write_time_feasibility_rr,write-time feasibility: S1 would be refused at arm — geometry: rr (gain=59.0000 risk=60.2500 rr=0.979253 min=2.000000) — widen the stop past the min-SL floor / raise the arm R:R / pick a mapped level with an id / choose a different condition
377,2026-09-24,ASIA,2,write_time_feasibility_rr,write-time feasibility: S1 would be refused at arm — geometry: rr (gain=59.0000 risk=60.2500 rr=0.979253 min=2.000000) — widen the stop past the min-SL floor / raise the arm R:R / pick a mapped level with an id / choose a different condition
378,2026-09-24,ASIA,3,flip_bias,plan flip{below 30714.00 5m_close → short} met between read 2026-09-24 19:25 CT and publish 2026-09-24 19:35 CT: 5m close(s) 30706.00 (19:35 CT) — the flip already fired before publication; re-author on the flipped side
379,2026-09-24,ASIA,1,schema_field,"scenario economics: S1: entry_zone requires positive [low, high] | S2: entry_zone requires positive [low, high]"
380,2026-09-24,ASIA,2,identity_unresolved,"S1 identity unresolved: level_id ""37eab54c3f1eb0531829d69ae9a4c6bce6b41399c14e0f395fa3b5523390d1"" is not in the frozen map (no map row carries it) — copy the id of the level this scenario trades from the map exactly, or null when that row's id is NULL"
381,2026-09-24,ASIA,1,write_time_feasibility_no_provenance,write-time feasibility: S1 would be refused at arm — geometry: no_provenance (entry_zone_ambiguous); S2 would be refused at arm — geometry: net_nonpositive (gain=1.5000 cost=2.0000 net=-0.5000) — widen the stop past the min-SL floor / raise the arm R:R / pick a mapped level with an id / choose a different condition
382,2026-09-24,ASIA,2,obstacle_chain,"S2 obstacle chain: omits VWAP+1σ 30778.00 (75.92 pts from entry), SWG-H·5m 30790.25 (88.17 pts from entry) — list every seated level between entry 30702.08 and target 30814.50 in economics.path_levels with a role (pass_through|reduce|exit)"
383,2026-09-24,ASIA,1,entry_policy_shape,arm on S1 leg 2: entry policy planned_order is legal on sweep_reclaim leg 0 only (this is leg 1)
384,2026-09-24,ASIA,2,entry_policy_shape,"arm on S1 leg 2: unknown entry policy ""reactive"" (market_in_zone | planned_order)"
385,2026-09-24,ASIA,1,entry_policy_shape,arm on S2 leg 2: entry policy planned_order is legal on sweep_reclaim leg 0 only (this is leg 1)
386,2026-09-24,ASIA,2,write_time_feasibility_no_provenance,write-time feasibility: S1 would be refused at arm — geometry: no_provenance (entry_zone_edges_or_provenance_unusable) — widen the stop past the min-SL floor / raise the arm R:R / pick a mapped level with an id / choose a different condition
387,2026-09-24,ASIA,3,obstacle_chain,"S1 obstacle chain: omits SWG-L·5m 30771.00 (58.22 pts from entry), SWG-L·5m 30764.50 (64.72 pts from entry) — list every seated level between entry 30829.22 and target 30759.75 in economics.path_levels with a role (pass_through|reduce|exit)"
388,2026-09-24,ASIA,1,write_time_feasibility_other,write-time feasibility: S1 would be refused at arm — market_in_zone at the zone's far edge 30814.50 (stop 30848.15 composed from the near edge): quality C below min_scenario_quality B — widen the stop past the min-SL floor / raise the arm R:R / pick a mapped level with an id / choose a different condition
389,2026-09-24,ASIA,1,write_time_feasibility_no_provenance,write-time feasibility: S2 would be refused at arm — geometry: no_provenance (entry_zone_edges_or_provenance_unusable) — widen the stop past the min-SL floor / raise the arm R:R / pick a mapped level with an id / choose a different condition
390,2026-09-24,ASIA,2,obstacle_chain,S2 obstacle chain: first_obstacle 30798.00 is not the nearest seated level on the path — VWAP+1σ 30793.00 (21.50 pts from entry 30814.50) comes first
391,2026-09-24,ASIA,1,facts_gap_trigger,"gap-up at 30850.50 (> PDH 30827.50): the long scenario's trigger must reference a level ≥ current price (breakout/retest), not a dip back below"
392,2026-09-24,ASIA,2,schema_field,S1 breakup_continue requires the breakdown{} facts object (level + entry_mode)
393,2026-09-24,ASIA,3,json_unmarshal,plan JSON unmarshal: json: cannot unmarshal string into Go struct field PlanBreakdownContinue.scenarios.breakdown.level of type float64
394,2026-09-25,LONDON,1,entry_policy_shape,arm on S1 leg 2: entry policy planned_order is legal on sweep_reclaim leg 0 only (this is leg 1)
395,2026-09-25,LONDON,2,entry_policy_shape,"arm on S1 leg 2: unknown entry policy ""on_confirm"" (market_in_zone | planned_order)"
396,2026-09-25,LONDON,3,json_unmarshal,plan JSON unmarshal: json: cannot unmarshal number 0.5 into Go struct field PlanArmLeg.scenarios.arm.legs.size of type int
397,2026-09-25,LONDON,1,facts_gap_trigger,"gap-up at 30928.50 (> PDH 30827.50): the long scenario's trigger must reference a level ≥ current price (breakout/retest), not a dip back below"
398,2026-09-25,LONDON,2,born_dead,"born-dead authored scenario: S2: authored condition ""5m close below 30930"" breached between read 2026-09-25 05:30 CT and publish 2026-09-25 05:36 CT: 1× 5m close(s) 30927.25 (05:35 CT) beyond threshold 30930.00 (1 group(s) judged)"
399,2026-09-25,LONDON,3,born_dead,"born-dead authored scenario: S2: authored condition ""2x5m close below 30930"" breached between read 2026-09-25 05:30 CT and publish 2026-09-25 05:36 CT: 2× 5m close(s) 30928.50 (05:30 CT), 30927.25 (05:35 CT) beyond threshold 30930.00 (1 group(s) judged)"
400,2026-09-25,LONDON,1,entry_policy_shape,arm on S1 leg 2: entry policy planned_order is legal on sweep_reclaim leg 0 only (this is leg 1)
401,2026-09-25,LONDON,2,entry_policy_shape,"arm on S1 leg 2: unknown entry policy ""market_order"" (market_in_zone | planned_order)"
402,2026-09-25,LONDON,3,facts_gap_trigger,"gap-up at 30975.50 (> PDH 30827.50): the long scenario's trigger must reference a level ≥ current price (breakout/retest), not a dip back below"
403,2026-09-25,LONDON,1,born_dead,"born-dead authored scenario: S2: authored condition ""5m close below 30968.00"" breached between read 2026-09-25 06:47 CT and publish 2026-09-25 06:55 CT: 1× 5m close(s) 30967.50 (06:50 CT) beyond threshold 30968.00 (2 group(s) judged)"
404,2026-09-25,LONDON,1,born_dead,"born-dead authored scenario: S2: authored condition ""5m close below 30965"" breached between read 2026-09-25 07:45 CT and publish 2026-09-25 07:49 CT: 1× 5m close(s) 30897.00 (07:45 CT) beyond threshold 30965.00 (1 group(s) judged)"
405,2026-09-25,LONDON,2,born_dead,"born-dead authored scenario: S2: authored condition ""5m close below 30890"" breached between read 2026-09-25 07:45 CT and publish 2026-09-25 07:51 CT: 1× 5m close(s) 30885.50 (07:50 CT) beyond threshold 30890.00 (1 group(s) judged)"
406,2026-09-25,NY,1,born_dead,"born-dead authored scenario: S3: authored condition ""5m close below 30960.00"" breached between read 2026-09-25 08:00 CT and publish 2026-09-25 08:07 CT: 1× 5m close(s) 30878.75 (08:05 CT) beyond threshold 30960.00 (1 group(s) judged)"
407,2026-09-25,LONDON,1,born_dead,"born-dead authored scenario: S2: authored condition ""5m close below 30924.45"" breached between read 2026-09-25 08:22 CT and publish 2026-09-25 08:28 CT: 1× 5m close(s) 30856.25 (08:25 CT) beyond threshold 30924.45 (1 group(s) judged)"
408,2026-09-25,LONDON,2,born_dead,"born-dead authored scenario: S2: authored condition ""5m close below 30827.50"" breached between read 2026-09-25 08:22 CT and publish 2026-09-25 08:31 CT: 1× 5m close(s) 30819.50 (08:30 CT) beyond threshold 30827.50 (2 group(s) judged)"
409,2026-09-25,NY,1,born_dead,"born-dead authored scenario: S2: authored condition ""5m close below 30952.90"" breached between read 2026-09-25 08:46 CT and publish 2026-09-25 08:53 CT: 1× 5m close(s) 30874.00 (08:50 CT) beyond threshold 30952.90 (1 group(s) judged)"
410,2026-09-25,NY,2,write_time_feasibility_other,write-time feasibility: S2 would be refused at arm — market_in_zone at the zone's far edge 31008.50 (stop 30852.25 composed from the near edge): R:R 1.06 below arm min 2.00 (studio min_risk_reward_ratio) — minimum target 31321.00 — widen the stop past the min-SL floor / raise the arm R:R / pick a mapped level with an id / choose a different condition
411,2026-09-25,NY,3,born_dead,"born-dead authored scenario: S2: authored condition ""5m close below 30852.25"" breached between read 2026-09-25 08:46 CT and publish 2026-09-25 09:05 CT: 1× 5m close(s) 30804.00 (09:05 CT) beyond threshold 30852.25 (4 group(s) judged)"
412,2026-09-25,NY,1,unreachable_level,S1 broken level 30998.50 is 262.0 pts from price 30736.50 (> 5.0×ATR5m=232.0 — the retest is unreachable; author a nearer broken level)
413,2026-09-25,NY,2,breakdown_tape,S1 breakdown_continue: a close came back across 30852.25 — the breakdown is void; author a `reject` play instead (do NOT combine condition names; `reject_retest` is not a valid condition)
414,2026-09-25,NY,3,entry_policy_shape,"scenario[0].confirm.side """" invalid (above|below)"
415,2026-09-25,NY,1,obstacle_chain,"S2 obstacle chain: omits VWAP 30819.00 (74.14 pts from entry) [id=6d5e3093fdaa231c70c0b3ed078dc74e1ff05efe32b755a979a996f3a05b088e], OR-L 30767.25 (125.89 pts from entry) [id=7dfc30441d6ec6d777cc81b06d8efcf0e68e46dc5621754281b59357b7d9578e] — list every seated level between entry 30893.14 and target 30680.00 in economics.path_levels with a role (pass_through|reduce|exit)"
416,2026-09-25,NY,1,born_dead,"born-dead authored scenario: S1: authored condition ""5m close below 30939.25"" breached between read 2026-09-25 11:16 CT and publish 2026-09-25 11:18 CT: 1× 5m close(s) 30926.75 (11:15 CT) beyond threshold 30939.25 (1 group(s) judged)"
417,2026-09-25,NY,1,obstacle_chain,S1 obstacle chain: omits SWG-L·5m 30868.00 (18.00 pts from entry) [id=2d6a3818b4113d5a22f58bc4e8650d19316dce2247bc67d0d4e6709582a7fef7] — list every seated level between entry 30886.00 and target 30767.25 in economics.path_levels with a role (pass_through|reduce|exit)
418,2026-09-25,NY,2,write_time_feasibility_no_provenance,write-time feasibility: S1 would be refused at arm — geometry: no_provenance (entry_zone_ambiguous) — widen the stop past the min-SL floor / raise the arm R:R / pick a mapped level with an id / choose a different condition
